Date,Close,High,Low,Open,Volume,Daily_Return,SMA_20,SMA_50,EMA_20,EMA_50,RSI_14
2021-09-27,1143.36865234375,1145.837138258342,1121.1078331879216,1126.4069614315592,15373834,,,,1143.36865234375,1143.36865234375,
2021-09-28,1154.057373046875,1161.6890123387186,1138.0919448330371,1147.6938200602945,18035258,0.9348446523537834,,,1144.3866257440475,1143.7878178615197,
2021-09-29,1144.90869140625,1163.9991145771864,1141.3758992926414,1163.9991145771864,9719875,-0.7927406257516645,,,1144.4363462833048,1143.8317736868032,
2021-09-30,1141.0135498046875,1147.965922997723,1132.4534560345571,1143.6178894191034,13590654,-0.34021416998575305,,,1144.1103656662938,1143.7212551031907,
2021-10-01,1143.0289306640625,1150.320936930379,1130.0302358504632,1133.1779894261922,8958928,0.17663075602563083,,,1144.0073718565575,1143.6941051251858,
2021-10-04,1157.7261962890625,1166.1957202690803,1149.0754144086843,1156.2994941506686,10918552,1.2858174653953336,,,1145.313926564415,1144.244383210044,
2021-10-05,1181.7535400390625,1183.021746414647,1153.7405072590436,1157.2506571555696,13533634,2.0753908676348853,,,1148.7843659429527,1145.7153305366721,
2021-10-06,1159.40185546875,1186.6221652780882,1155.438860897584,1186.6221652780882,10258881,-1.8913998404078147,,,1149.7955554216,1146.2520570045967,
2021-10-07,1165.0860595703125,1177.0204479976474,1162.9573276219362,1175.3219190109808,6336665,0.4902703988915347,,,1151.2517939119534,1146.9906453405072,
2021-10-08,1209.8570556640625,1215.812929031673,1169.207605953432,1170.906015220909,15772493,3.842720091446439,,,1156.8332474121542,1149.4559947649602,
2021-10-11,1201.4326171875,1231.9366542030143,1198.1263679197398,1223.5124154081875,14768666,-0.6963168447977175,,,1161.0808064383775,1151.4942936834914,
2021-10-12,1208.2943115234375,1215.1787568517786,1196.269354160262,1197.9678831315707,6682011,0.5711260238631111,,,1165.5773307321929,1153.7217453634894,
2021-10-13,1220.5911865234375,1231.7103344750674,1208.9737889938256,1213.3671067441885,9959762,1.0177052794774655,,,1170.8167455694543,1156.3440763893698,
2021-10-14,1223.0594482421875,1230.7817769408248,1217.080933017602,1223.036805981498,8623469,0.20221854344042445,,,1175.7922410620956,1158.9603654816372,
2021-10-18,1226.320556640625,1243.2596035729457,1205.8033136478314,1208.6567177514992,13594479,0.26663531385366923,,,1180.6044615933843,1161.6019416055192,74.31298157837492
2021-10-19,1237.3038330078125,1246.1357531841286,1226.501796349313,1233.6578296621897,8833409,0.8956284967835071,,,1186.0044017280916,1164.5706432291386,74.35725812039566
2021-10-20,1223.0594482421875,1242.2405578545067,1219.0285268378586,1242.2405578545067,12710570,-1.151243888980591,,,1189.5334537770532,1166.8643218571012,72.2041834154733
2021-10-21,1187.7772216796875,1235.5600608138357,1179.0358711096487,1235.2883536749923,20831669,-2.8847515640558985,,,1189.366193577304,1167.684435575634,61.2754655138312
2021-10-22,1189.9964599609375,1206.9809106504802,1182.795023158092,1186.6448064236538,11027475,0.18683960600891503,,,1189.426218947174,1168.5594169240774,61.31349687551089
2021-10-25,1178.40185546875,1213.8201056097269,1163.9990998346134,1213.8201056097269,17198417,-0.9743394104355652,1184.8219421386718,,1188.3762795682765,1168.9453949062215,55.055906761765975
2021-10-26,1205.2371826171875,1208.7926167498356,1179.013250231775,1185.33151952741,9750178,2.277264502249343,1187.9153686523437,,1189.9820798586488,1170.3686022674358,55.664760922107114
2021-10-27,1189.9964599609375,1212.3706072222662,1186.6221641632774,1201.1382490708493,9896298,-1.2645413596645394,1189.7123229980468,,1189.9834493922,1171.138322176985,57.64225614430308
2021-10-28,1176.9525146484375,1194.7748510901267,1173.283988789091,1186.6449607541929,9886181,-1.096133118995013,1191.3145141601562,,1188.7424079880323,1171.366329724885,52.85901337715919
2021-10-29,1148.7132568359375,1175.843002928945,1133.0649360229452,1175.843002928945,14233025,-2.399354048785496,1191.6994995117188,,1184.930107878309,1170.4779739253183,33.993381199692706
2021-11-01,1149.4151611328125,1157.6582624374937,1129.6225892164332,1148.7131311991511,15481114,0.06110352541837116,1192.0188110351562,,1181.5477319977854,1169.6519812667887,35.808737480609395
2021-11-02,1132.6571044921875,1154.0348738636576,1130.143454028727,1152.6760985535552,10569130,-1.4579637721246819,1190.7653564453126,,1176.891481759157,1168.2012017854317,30.42203126560088
2021-11-03,1124.8670654296875,1141.353269066621,1114.6310849978502,1135.034999269857,11989430,-0.687766759384123,1187.9210327148437,,1171.9367754420646,1166.5018238891282,24.63083670112752
2021-11-04,1131.77392578125,1134.514118637374,1127.7656464746356,1129.1016597099565,1705656,0.6140156969502986,1186.5396362304687,,1168.1117421410347,1165.1399455319565,26.363264539792127
2021-11-08,1133.177978515625,1141.3531527093287,1112.5475239087214,1141.0813257713814,20337183,0.12405770290262463,1184.9442321777344,,1164.7847170338528,1163.8865350607277,25.648222025059525
2021-11-09,1142.123046875,1145.384011549245,1126.429444729638,1134.5593339553402,15682497,0.7893789439053833,1181.5575317382813,,1162.6264627330097,1163.0330649357973,24.847271533117024
2021-11-10,1154.8955078125,1158.5641535733516,1133.9480592535028,1139.858648545967,10253470,1.1183086596883829,1179.2306762695312,,1161.8901813120087,1162.7139450486093,31.8455831434117
2021-11-11,1157.0015869140625,1164.2255472479787,1148.396089091411,1150.4342522284085,10722478,0.18236100905368868,1176.6660400390624,,1161.4246008931568,1162.4899310041174,40.04396052240834
2021-11-12,1174.4615478515625,1177.0206028987552,1158.111197547698,1160.783463915503,8712341,1.5090697484753557,1174.3595581054688,,1162.6662148891955,1162.9594061746054,45.425481743911526
2021-11-15,1167.5318603515625,1178.583081524526,1163.9990683781705,1177.586582367733,4803269,-0.5900310242320406,1171.5831787109375,,1163.1296096951353,1163.1387181031137,46.7087234887154
2021-11-16,1140.4019775390625,1166.2635115241296,1130.030145313062,1164.927378591024,11337581,-2.3236952869389538,1167.2872497558594,,1160.9650732993186,1162.247081218249,30.40379696956728
2021-11-17,1115.9898681640625,1131.819326460902,1114.631092727357,1131.819326460902,10202029,-2.140658281536856,1161.2215515136718,,1156.6817204292943,1160.4330728631828,28.806740878601815
2021-11-18,1120.2020263671875,1127.3128958685732,1109.671695510959,1114.178225230509,8505625,0.3774369573851466,1156.078680419922,,1153.2074638519507,1158.8553847653009,32.882512695439075
2021-11-22,1070.5848388671875,1109.1961291306902,1064.8101030658254,1103.353466536403,24124307,-4.429307065343247,1150.219061279297,,1145.3386424248304,1155.3937947300808,29.12629085197534
2021-11-23,1080.5941162109375,1087.5691305828452,1045.7874503355,1056.6800550508478,25326999,0.9349354652117947,1144.7489440917968,,1139.1724970711264,1152.4604740038399,32.4840835571308
2021-11-24,1064.9912109375,1091.4868494573443,1061.4357769402943,1077.9446209027212,16820296,-1.4439191403473939,1139.0784118652343,,1132.1076126774476,1149.0303068247679,32.67622113922366
2021-11-25,1129.1016845703125,1133.2006528139436,1067.5954770563671,1074.7742721480845,42401936,6.019812461773921,1135.2716369628906,,1131.8213338101014,1148.2487922265539,50.8414772352391
2021-11-26,1092.709716796875,1122.1493269988057,1087.6822964764374,1117.7107252384765,15763138,-3.2230903797904387,1130.4072998046875,,1128.0964179040798,1146.0707892685273,43.05162676014136
2021-11-29,1105.7991943359375,1132.2949564813318,1086.5954393266577,1104.712245845007,24325354,1.1978915660631584,1126.8496337890624,,1125.972872802352,1144.4915110358768,45.32448067041202
2021-11-30,1089.4486083984375,1121.3793456985663,1081.9528225027632,1117.8012696969345,32172299,-1.478621617853404,1123.8864013671875,,1122.4943714305507,1142.3329658344087,41.226606636084796
2021-12-01,1117.3485107421875,1120.518906517298,1098.3711810133602,1101.9492572911422,10104610,2.560919544866347,1122.2830688476563,,1122.0042894602304,1141.3531832817725,44.04623874662955
2021-12-02,1124.5272216796875,1130.5736640269113,1114.9027029403865,1118.571348380323,12720411,0.6424773352704083,1121.8765747070313,,1122.2445687192264,1140.6933416503182,44.932124800451106
2021-12-03,1090.739501953125,1131.6153710496726,1087.002929980319,1131.5700865288095,19222481,-3.004615546442202,1120.1701965332031,,1119.2440861700738,1138.7343675445459,37.56807774865893
2021-12-06,1070.06396484375,1098.326063585159,1067.5955985919252,1094.249856939928,10332254,-1.8955522443583006,1117.084698486328,,1114.5602650913763,1136.041410575887,36.0946042765792
2021-12-07,1078.7825927734375,1088.8146726752468,1068.8863664494722,1076.2010153934032,11235122,0.8147763326429303,1114.3649291992188,,1111.1528677277631,1133.7959667404969,40.72155511637345
2021-12-08,1095.2008056640625,1101.405743762558,1089.8563933091182,1097.9183562650253,8744178,1.5219204500153793,1112.018817138672,1149.4345776367188,1109.6336237216965,1132.2824310120093,46.792432503290364
2021-12-09,1112.5701904296875,1120.9265028973475,1098.3259314492311,1102.8551026436394,13213547,1.5859543451571145,1109.9025512695312,1148.8186083984374,1109.913296741505,1131.5094019695653,48.868418747325805
2021-12-10,1113.70263671875,1116.8956751250605,1100.7491053819138,1105.232992429202,8364414,0.10178650289247582,1107.7376037597655,1148.011513671875,1110.2741862631474,1130.8110974499255,57.466667286738065
2021-12-13,1091.3736572265625,1120.5642045309762,1088.8146024741634,1120.2924973928066,12901733,-2.0049319051604564,1103.5832092285157,1146.9408129882813,1108.4741358787107,1129.2645311666563,51.79029470749423
2021-12-14,1078.0125732421875,1089.7205393231309,1074.9553887174343,1077.944646457222,12991523,-1.2242446842934296,1099.107244873047,1145.6807934570313,1105.5730346752323,1127.254650463736,52.178847221490294
2021-12-15,1074.8648681640625,1089.2676234327396,1069.38448219365,1079.7563157042175,9366969,-0.29199149956647963,1095.830389404297,1144.3175122070313,1102.6484473884543,1125.200149197082,38.598541419678
2021-12-16,1088.769287109375,1094.0231302341062,1072.8039773873268,1089.5845283011158,9761279,1.2935969308460304,1094.4693603515625,1142.9383740234375,1101.3266225999705,1123.7714879387406,49.085164704361965
2021-12-17,1060.03173828125,1090.6263454753455,1050.7694958949853,1086.1198166210097,21049821,-2.639452560645028,1091.4608459472656,1140.5039379882812,1097.393776474378,1121.2718899129568,40.09409011958629
2021-12-20,1031.4527587890625,1049.7958677716224,1017.7519129116022,1049.7958677716224,14325846,-2.6960494162680315,1089.5042419433594,1137.9449560546875,1091.113679551967,1117.7495710453532,38.07843558417677
2021-12-21,1046.806640625,1062.545530320319,1038.1786200134966,1046.8519251541743,12836561,1.4885685946453897,1087.8148681640625,1135.5793676757812,1086.8939615589225,1114.967495342594,34.71089336181548
2021-12-22,1071.649169921875,1074.276151843881,1051.6755775302054,1052.9889486908655,17658543,2.3731726885151128,1088.1477661132812,1132.8152099609374,1085.4420766411083,1113.2687374829582,39.354429328285846
2021-12-23,1071.26416015625,1077.944705915956,1068.0031950967275,1075.2271551661324,9072401,-0.03592684774375021,1085.2558898925781,1130.2118408203125,1084.0917988806455,1111.6214991564207,45.46988879588121
2021-12-24,1074.6837158203125,1083.3796623765666,1058.718285237532,1073.4155095265614,7886494,0.3192075112046888,1084.35458984375,1127.53962890625,1083.1957909701375,1110.172958633436,51.16838371270943
2021-12-27,1073.5286865234375,1077.0388360812635,1063.4966072069749,1069.588333994207,4017223,-0.10747620717350692,1082.741064453125,1124.59837890625,1082.2751143561661,1108.7359283546125,48.61837307008803
2021-12-28,1086.2783203125,1089.1996512774408,1074.7968966086662,1075.9517717574065,6374613,1.1876379224062816,1082.5825500488281,1121.8627563476562,1082.656372066293,1107.8552378431573,47.60747899715292
2021-12-29,1088.135498046875,1095.6086434721246,1078.8958965572567,1082.926938514115,15425312,0.17096702563674793,1081.1218994140625,1119.0990551757814,1083.1781935882532,1107.0819147138914,42.85342977817924
2021-12-30,1068.478759765625,1089.245070757408,1062.364389937375,1087.003127167027,29333171,-1.806460529642906,1078.3194763183594,1115.7225537109375,1081.7782475099075,1105.5680655002338,38.06621028394427
2021-12-31,1072.5775146484375,1079.710904759357,1068.8862272626782,1074.7741732718723,9477290,0.38360658509595247,1077.411376953125,1112.7129150390624,1080.9019872373865,1104.2743184080066,44.512012568574
2022-01-03,1088.7467041015625,1090.603728995159,1070.4941656370395,1071.1509110384136,5421611,1.5075077775077883,1078.3455139160155,1110.7323046875,1081.6491031292128,1103.6653923567735,53.083525263208095
2022-01-04,1113.3173828125,1114.6308734629547,1088.8145046450295,1094.204320803727,10847728,2.2567855882708043,1080.0722534179688,1109.1987231445312,1084.6651297657163,1104.0439017864098,59.83545287926238
2022-01-05,1118.526123046875,1121.877776996668,1101.9267085410534,1115.0840198447645,11643813,0.46785762216490223,1081.2385192871093,1108.0012084960938,1087.8899862686837,1104.6118320319183,57.96559769431356
2022-01-06,1094.47607421875,1111.4605249543165,1091.0791361515087,1110.1923187691705,14447422,-2.150155309972779,1080.3338134765625,1105.785986328125,1088.5172327401185,1104.2143513333629,59.45774369356385
2022-01-07,1103.30810546875,1113.2949007403674,1092.2342419850618,1101.020877531252,13112115,0.8069643053919107,1079.8140869140625,1104.0522192382812,1089.9258872857024,1104.1788122798487,72.12990135815808
2022-01-10,1104.2138671875,1112.8193642531028,1094.2723568788356,1110.5547786779955,9246731,0.08209508425256473,1080.4560974121093,1102.5974462890624,1091.2866472763499,1104.1801869821095,69.40733110818387
2022-01-11,1112.1627197265625,1120.9492358826358,1102.8551919025351,1103.3081569787676,16205164,0.7198653064653726,1082.1636047363281,1101.866435546875,1093.2748446525607,1104.4932274818918,65.46233685640568
2022-01-12,1141.851318359375,1143.595131948247,1116.4426269818646,1119.2960312179016,14800442,2.6694473844719235,1085.5129272460938,1101.7151586914063,1097.9011754817811,1105.958250653558,72.01572263349541
2022-01-13,1148.28271484375,1150.8644117443653,1136.0992618786104,1141.9192812349345,11856712,0.5632429004518436,1088.4885986328125,1102.0276708984375,1102.6994173257783,1107.6180335629772,72.53178209170972
2022-01-14,1149.9586181640625,1162.7761757448827,1144.0027445379585,1148.1469975068374,19930176,0.14594866740118562,1092.9849426269532,1102.529501953125,1107.2002935960911,1109.2784486453727,73.32406500939499
2022-01-17,1155.959716796875,1161.7344520199854,1149.0527486713804,1149.5057137125311,8036453,0.5218534422041454,1099.2102905273437,1103.0132177734374,1111.8440481866419,1111.1090866120983,72.17811180475584
2022-01-18,1142.1683349609375,1160.5340832716051,1139.4281422634044,1157.0919805047831,6215029,-1.1930676852782485,1103.9783752441406,1103.1930249023437,1114.7320754984796,1112.3270963512687,65.9832871977566
2022-01-19,1142.077880859375,1151.3173615953267,1136.3710722869748,1145.882379974198,9755485,-0.007919507028320005,1107.4998107910155,1103.1921215820312,1117.336437913803,1113.4937937829593,74.62120222149625
2022-01-20,1122.08154296875,1136.8014098425183,1111.913489734347,1132.3175229917704,16494486,-1.7508734058992892,1110.0406799316406,1102.5358422851561,1117.7883526809408,1113.8305682608334,64.96851914872884
2022-01-21,1122.2626953125,1133.3139167394952,1110.5548482538704,1110.5548482538704,13338594,0.016144311871557626,1112.41962890625,1101.841064453125,1118.214480550613,1114.1612399099185,61.218934359981006
2022-01-24,1076.993408203125,1134.4460429942571,1066.6668610593797,1120.971622898134,21868937,-4.033751393364238,1112.5928649902344,1099.8917016601563,1114.2886641365665,1112.7036778822012,39.32094095556918
2022-01-25,1074.8875732421875,1081.8624687571998,1043.9758512681217,1064.1533431011624,24510205,-0.19552904826510842,1112.0233276367187,1098.0388159179688,1110.5361792894828,1111.2206933865145,36.93207282042808
2022-01-27,1058.96728515625,1067.1198169153088,1046.7159051568356,1058.016190394451,20020431,-1.4811119304242282,1110.5649169921876,1096.4101220703126,1105.6248560386987,1109.1715401225827,38.82235222148102
2022-01-28,1057.9483642578125,1076.0876922422228,1054.5741878483832,1071.1509600753575,14667727,-0.0962183546857287,1110.038397216797,1095.2492919921874,1101.0842377738525,1107.1627881278857,34.982731153193626
2022-01-31,1080.9339599609375,1089.9017336429354,1067.1651879580827,1068.9769283849405,12143683,2.1726576154073696,1110.4562194824218,1094.4639306640624,1099.165163696432,1106.1342066311427,43.275788268197005
2022-02-01,1077.35595703125,1096.3331695818497,1063.0437697429202,1090.6264803582178,13200509,-0.3310103172090906,1109.8866821289062,1094.5993530273438,1097.088096394986,1105.0056478233037,39.68592265916017
2022-02-02,1079.5523681640625,1090.1732649193557,1075.7252273627023,1090.1732649193557,10017691,0.2038705145200881,1108.1984313964845,1094.5785180664063,1095.41802703966,1104.0074799935296,27.94603540886129
2022-02-03,1065.6025390625,1087.6596951339798,1063.0888887078768,1083.3795890325775,9572839,-1.292186420311059,1105.5522521972657,1094.5907446289064,1092.5784567561209,1102.5014038785873,22.210305535815976
2022-02-04,1055.8873291015625,1063.654941472206,1051.2675896241456,1060.2806459968438,11061241,-0.9117104741027338,1103.6228149414062,1093.1264575195312,1089.084063646163,1100.673400946155,20.002740357367514
2022-02-07,1049.4561767578125,1067.4370085401165,1043.9757907846413,1060.7338205814565,10714467,-0.6090756245007878,1100.9302185058593,1092.26138671875,1085.3099791806058,1098.6648823505336,16.13126122356131
2022-02-08,1067.09716796875,1068.8862659765236,1046.240291320876,1055.5931024543218,12060849,1.680965018037961,1099.0743835449218,1091.4873461914062,1083.5754257318576,1097.4269327669342,26.697474845839125
2022-02-09,1079.5299072265625,1081.2056742872649,1067.9805561051007,1073.9363098694528,11486225,1.1650990772919645,1097.4427429199218,1091.2889721679687,1083.1901382551628,1096.7250886280963,31.966514414667444
2022-02-10,1078.42041015625,1085.0555521861236,1071.1963296372755,1085.0555521861236,12464491,-0.10277594561163284,1094.2711975097657,1090.51041015625,1082.7358784362186,1096.0072580997887,35.873375725739564
2022-02-11,1076.314208984375,1079.982854527415,1061.6849113374171,1074.887506839841,15943370,-0.19530427577588716,1090.6727722167968,1089.5461499023438,1082.1242908693764,1095.2349816638903,35.3162157101395
2022-02-14,1059.1712646484375,1066.599124811997,1047.5991516117767,1059.9412213800138,10719633,-1.592745333364487,1086.1334045410156,1088.91478515625,1079.9382883721441,1093.8207182515196,43.05632311718059
2022-02-15,1095.1329345703125,1097.8278430466569,1057.880422222606,1064.9006018983252,11212671,3.3952648756772508,1083.0920654296874,1089.4161645507813,1081.3853975338745,1093.8721777150015,56.241269372960346
2022-02-16,1092.8682861328125,1101.9492706042658,1085.16871921443,1100.59049531271,10392840,-0.20679210404612736,1080.6270629882813,1089.6978784179687,1082.4790059718687,1093.8328094176607,61.411879956179746
2022-02-17,1106.7049560546875,1111.8682307103677,1091.5322435754686,1096.106699582626,12853252,1.2660876061137305,1078.858416748047,1089.9279614257812,1084.7862393130895,1094.337599481858,65.10880683193724
2022-02-18,1098.0543212890625,1112.5476464311962,1096.129369451274,1107.1126644779383,6775458,-0.781656819940868,1077.6570556640625,1089.6376440429688,1086.049866167944,1094.483353278219,55.82259457305125
2022-02-21,1086.957763671875,1103.9875007758346,1080.0281530233087,1092.4380298945582,11107193,-1.0105654521864293,1075.8918090820312,1089.1027465820312,1086.1363325968896,1094.1882321171859,53.10667387073127
2022-02-22,1082.0208740234375,1085.146105195485,1063.066305633856,1065.6705251768456,13494914,-0.45419332870488827,1076.1431823730468,1088.9156909179687,1085.7443841613228,1093.7110808193918,50.78477059178734
2022-02-23,1075.2498779296875,1089.9697459260428,1072.5098045121515,1087.501379683698,7310110,-0.6257731487723017,1076.1612976074218,1088.8604370117187,1084.7449073773575,1092.987112078619,53.213705673340684
2022-02-24,1021.6695556640624,1059.7827129241718,1016.0760782454672,1043.975778151862,24846650,-4.983057739917163,1074.2964111328124,1087.7965307617187,1078.7377310237105,1090.1903451604012,41.179254545179894
2022-02-25,1034.442138671875,1045.312103838105,1030.9546306158638,1032.698324743693,14570089,1.2501677217454876,1073.1210998535157,1086.7099877929688,1074.5191031806785,1088.0041409843805,46.25217489342642
2022-02-28,1068.682373046875,1072.2151647642706,1015.8948766365417,1015.8948766365417,21297446,3.3100192939704787,1072.5085205078126,1086.8830004882811,1073.9632241203162,1087.2464245946742,50.36541866409735
2022-03-02,1086.3463134765625,1087.4560239699686,1054.9364629191114,1057.3142599474093,21471786,1.6528709441820943,1072.9580383300781,1087.9808715820313,1075.1425659637682,1087.211126119454,51.534301980524475
2022-03-03,1077.1746826171875,1093.7288113845136,1073.4381104672327,1087.002981514595,10186748,-0.844264001782602,1072.8391540527343,1088.588232421875,1075.3361008831414,1086.8175400997575,49.729420155745814
2022-03-04,1053.283203125,1070.8337101992126,1050.9280486616494,1065.7157207883167,10805667,-2.2179763299058353,1072.2231872558593,1088.2209130859376,1073.2358249061756,1085.5024680615318,45.43001506615058
2022-03-07,1014.33251953125,1047.1917178849474,1006.3837665616244,1032.0641687706516,17983310,-3.6980257045955645,1070.1454467773438,1087.0822802734374,1067.6259862990398,1082.7114896877952,41.81143967195735
2022-03-08,1012.4979248046876,1017.253638152396,987.361002125067,1001.62790256755,21289374,-0.18086719012125885,1068.2975341796875,1085.838564453125,1062.3756947281493,1079.9580165551242,32.76008373613951
2022-03-09,1066.2139892578125,1072.05665089973,1011.8864606126764,1012.7244638561708,20414228,5.3053011899739655,1068.2533752441407,1085.6922705078125,1062.741246588117,1079.4190350924846,45.422006038242195
2022-03-10,1083.4927978515625,1089.267532756051,1068.8862634347242,1087.0029472759036,17980493,1.6205760539474534,1068.4515197753906,1085.6365600585937,1064.7175848036832,1079.5787904948015,46.05979781168488
2022-03-11,1086.617919921875,1091.9850941858494,1076.1555181267945,1076.1555181267945,12257423,0.2884303501148544,1068.861395263672,1085.6062084960938,1066.8033310054157,1079.8548347860594,48.0215885828343
2022-03-14,1095.540283203125,1098.0540530902786,1075.2269427815568,1081.0696038594049,8340678,0.8211132098660201,1069.8226989746095,1086.1474389648438,1069.5401835956736,1080.4699504102582,51.49596454690837
2022-03-15,1070.4488525390625,1099.6620420875429,1060.2128731362302,1099.6620420875429,15925769,-2.2903247875742716,1070.3865783691406,1086.1048657226563,1069.626723495044,1080.0769661800152,48.11536889450137
2022-03-16,1088.5203857421875,1090.581191192119,1076.6312801930274,1078.850581492875,11149828,1.6882201480491243,1070.0559509277343,1086.1003393554688,1071.426119899534,1080.4080806726495,52.08452056717245
2022-03-17,1124.0064697265625,1131.1172183134404,1093.8420644373464,1101.8361008572806,21422098,3.2600293434265293,1071.612860107422,1086.31412109375,1076.4337722640128,1082.117821419862,67.043849369799
2022-03-21,1117.529541015625,1125.047969025694,1104.6667012659022,1106.9312865725458,11999466,-0.5762358923532829,1072.1540893554688,1086.294189453125,1080.3476550022615,1083.5065163059703,64.13431348118615
2022-03-22,1146.4031982421875,1148.124249688356,1111.2794206216663,1114.223273968924,22557065,2.5837041587573495,1074.571533203125,1087.3327319335938,1086.6386591203498,1085.9730528524888,63.46727798913378
2022-03-23,1150.049072265625,1161.6664689349448,1142.7119015169374,1142.7119015169374,15462187,0.3180272027352826,1077.7260986328124,1088.2675512695312,1092.6777460865665,1088.4858379275138,61.60188457008246
2022-03-24,1167.916748046875,1170.4078760728964,1136.824010448648,1136.824010448648,13168266,1.5536446410978177,1082.0208923339844,1089.5416088867187,1099.8433653208815,1091.6007755792534,66.01901786841788
2022-03-25,1175.70703125,1184.833300668766,1167.169460657995,1169.660588741769,14222488,0.6670238453342581,1087.04375,1090.8124951171876,1107.0684763617498,1094.8990601153612,72.91455890269239
2022-03-28,1187.5283203125,1191.060992805179,1171.4723190412603,1182.1158606493575,9891424,1.0054621388061014,1095.336688232422,1091.72603515625,1114.7313186427737,1098.531580123092,86.08220156309926
2022-03-29,1187.7998046875,1194.7973413665754,1180.9381215710694,1194.7973413665754,8684065,0.022861296893417205,1103.004571533203,1092.516376953125,1121.6902220756047,1102.0322948118924,86.76038210423546
2022-03-30,1210.6270751953125,1217.4434746814534,1185.331593767139,1195.6581430818142,15811550,1.9218112696876677,1110.101806640625,1093.72974609375,1130.160398563196,1106.290913650458,84.78998357886614
2022-03-31,1193.3255615234375,1209.1551399202813,1190.540203605835,1207.003765404827,13223718,-1.4291365215901575,1115.4507690429687,1094.4770629882812,1136.1761283689332,1109.7040370964571,76.4564811101166
2022-04-01,1202.8819580078125,1207.094137293246,1187.5507515318518,1193.891542920345,7922880,0.8008205633486032,1121.7361328125,1095.6913354492187,1142.529064525017,1113.358073210628,77.16401453637773
2022-04-04,1206.4375,1211.555489970758,1196.45070474843,1202.7009276541294,7929162,0.295585279047339,1129.39384765625,1096.9785278320312,1148.6155821893012,1117.0082468102112,76.57659871491978
2022-04-05,1189.3851318359375,1209.2456310104756,1186.9620503043643,1200.7307025551163,13149870,-1.4134481201108606,1138.1464782714843,1098.324599609375,1152.4983964413618,1119.8465560269065,79.64544470935887
2022-04-06,1186.2147216796875,1193.2122590361132,1171.744039651222,1171.744039651222,12257215,-0.2665587513571932,1146.8323181152343,1099.6036401367187,1155.7094750354881,1122.4492291897604,76.30480112119946
2022-04-07,1165.2899169921875,1180.3041331292436,1162.640293061963,1175.3672812713685,15496499,-1.7639980608123218,1151.786114501953,1101.3695703125,1156.6218980789833,1124.1292561624045,62.06162594458259
2022-04-08,1184.6748046875,1188.9096265891387,1159.4698932414146,1159.4698932414146,15152495,1.6635248801730063,1156.84521484375,1103.5653149414063,1159.2936034702707,1126.5035913986828,68.24168725011342
2022-04-11,1182.2064208984375,1195.0466201854251,1169.8869936426172,1177.5865608022991,9254209,-0.20835960883912596,1161.6246398925782,1106.03009765625,1161.4757765586676,1128.6880160849475,61.356139052108915
2022-04-12,1159.945556640625,1178.7642727503164,1157.3865016457237,1171.6986884850992,13217742,-1.8829930090292546,1164.844903564453,1108.0700415039062,1161.3300413283778,1129.9138019890918,52.80746274238745
2022-04-13,1155.6881103515625,1174.2351195875087,1152.9026326764838,1166.0373022107094,10354235,-0.3670384583732256,1169.106866455078,1109.5651245117188,1160.792714568681,1130.924559179777,46.240649188551835
2022-04-18,1152.1551513671875,1159.3792305452218,1142.1683569783831,1147.2410619855225,9974224,-0.3057017678671392,1172.2886047363281,1111.0611083984375,1159.970089501872,1131.7571314224206,42.56501951837964
2022-04-19,1196.0655517578125,1208.3849780863477,1155.416224906424,1158.5639783200388,26141820,3.8111534144094517,1175.8915588378907,1113.3913720703124,1163.4077525738662,1134.2790302591025,52.24104042056719
2022-04-20,1231.234619140625,1238.2775602010167,1199.824772027751,1203.4481327307994,25072240,2.940396312821303,1181.5768127441406,1116.704013671875,1169.8674541516527,1138.0812102152406,59.636235612728505
2022-04-21,1260.0631103515625,1263.1882220689731,1237.371847402737,1245.9320610290454,21708633,2.3414295506943406,1187.2598083496093,1120.787529296875,1178.4575166468824,1142.8648141421552,60.68316545426536
2022-04-22,1249.5098876953125,1269.075915209395,1242.8972695502075,1249.5551722154648,15054154,-0.8375154045503042,1192.2328491210938,1124.788603515625,1185.2244091276852,1147.046973889338,62.50623597245846
2022-04-25,1220.6138916015625,1249.3288344946673,1206.41491600151,1242.0822318802027,17063215,-2.312586429151664,1194.8677062988281,1127.8589379882812,1188.5948360299594,1149.9319510545233,53.63411656392603
2022-04-26,1257.1414794921875,1265.9054714118893,1226.36573740708,1227.4074011312523,12227666,2.9925587560450717,1198.9394287109376,1131.4111694335938,1195.123087788267,1154.136246287373,59.154428569728395
2022-04-27,1258.364501953125,1280.8518611647926,1247.8114113086813,1248.1738072854712,19338945,0.09728598418623502,1202.4812377929688,1135.0100512695312,1201.1460796134916,1158.2236288625006,63.2089960088696
2022-04-28,1277.16064453125,1291.269050141953,1261.874601680994,1272.6767577965609,25614076,1.493696186514426,1206.9492797851562,1139.0269799804687,1208.3855619866113,1162.8878255553927,66.43205400619938
2022-04-29,1263.7542724609375,1293.6015662528664,1257.8889681093667,1293.6015662528664,18214862,-1.0497013142174438,1209.6056396484375,1143.1186401367188,1213.6587725079758,1166.843372492865,68.28731917178138
2022-05-02,1259.315673828125,1270.6612443033114,1249.1702630612974,1250.9593611931234,9467006,-0.351223234574638,1212.9051452636718,1146.402294921875,1218.0070488241804,1170.4697372511107,64.67756585794885
2022-05-04,1220.0023193359375,1263.6410258882418,1212.1442565160846,1261.3764403153348,19247660,-3.1218030005678354,1213.761163330078,1148.9449755859375,1218.197074587205,1172.4121914505156,56.4916081083461
2022-05-05,1196.11083984375,1236.4658174286478,1192.079918457506,1233.5218443509425,17210669,-1.9583142682213839,1213.2448303222657,1150.7330932617188,1216.0936236592568,1173.3415502110347,56.17694399039263
2022-05-06,1186.9393310546875,1204.3087009820067,1174.6651887519583,1183.112189870724,19649948,-0.7667774995050336,1213.122540283203,1152.5107934570312,1213.3170243635834,1173.874796518629,55.24951443888164
2022-05-09,1140.583251953125,1176.2732081933118,1135.4652620079833,1166.2410086662385,18083752,-3.905513777218217,1210.840966796875,1153.5833032226562,1206.3899984197303,1172.5692457513544,48.30065577402739
2022-05-10,1120.813232421875,1144.3423749690376,1113.272161583261,1130.0301899582084,19511677,-1.7333254277928423,1208.6171325683595,1154.359150390625,1198.2398302294584,1170.5395981698064,38.10582045290984
2022-05-11,1109.3319091796875,1125.478478168712,1096.9445548183617,1119.9075231154202,16643899,-1.0243743480239265,1204.8499877929687,1155.040791015625,1189.7724091770992,1168.139296640782,29.172838244525877
2022-05-12,1086.731201171875,1102.7870793042052,1073.4153958980503,1099.4581878859078,20490321,-2.0373260537078552,1200.0762268066405,1156.3420239257812,1179.9589607956493,1164.946822308668,19.74222605978443
2022-05-13,1099.0506591796875,1122.3306194635952,1093.955311378371,1098.7789520224087,19308778,1.1336251314518098,1197.0314819335938,1157.6341943359375,1172.2534082607958,1162.362659048708,23.89597715414598
2022-05-16,1099.322265625,1123.6891694506164,1094.5439104656627,1102.6058723181322,13437911,0.024712823111827653,1194.2131896972655,1158.2469921875,1165.3075851526248,1159.8904867575823,26.635800364470043
2022-05-17,1145.497314453125,1150.366239393939,1101.496331090796,1102.9003909379085,16551828,4.20031962164189,1193.8802978515625,1159.4300122070313,1163.4208927050533,1159.3260486279958,29.264847712916477
2022-05-18,1149.6641845703125,1163.9990123371506,1136.0313867118257,1150.2530031709175,17276788,0.3637607932041931,1191.5602294921875,1160.8798022460937,1162.1107300255544,1158.9471519982826,30.029966051034222
2022-05-19,1123.1683349609375,1137.9561265637965,1116.918112875952,1125.0480019185666,14699118,-2.304659914171181,1186.156915283203,1162.2775048828125,1158.401930495591,1157.544061134073,22.487447652206072
2022-05-20,1188.660400390625,1197.6961004424857,1133.2006360812218,1137.956229855782,21793091,5.831010667867975,1182.5867797851563,1165.7640625,1161.2836895332132,1158.7643097323692,38.68877296789413
2022-05-23,1180.7119140625,1201.8405013117845,1174.4162863101842,1191.8535854335655,15252755,-0.6686927843741475,1179.1468811035156,1169.1283422851564,1163.1339966312405,1159.6250000982568,38.283968416739505
2022-05-24,1184.7652587890625,1194.7973375363194,1176.5448004718992,1180.7569797022973,13527818,0.34329667366665984,1177.3544494628907,1171.4993676757813,1165.1941168367473,1160.6108925959356,44.13094891484506
2022-05-25,1183.0216064453125,1203.2670225299605,1178.2658929997126,1193.438723782862,12714544,-0.14717281172914598,1173.648455810547,1173.4899438476561,1166.891972989944,1161.4897441194407,47.64621098073408
2022-05-26,1171.743896484375,1193.393371125466,1154.0347740615534,1188.6376579513867,17882023,-0.9532970403494323,1169.3174255371093,1175.1924633789063,1167.3540609417946,1161.891867741595,47.288003914585005
2022-05-27,1166.3089599609375,1179.9191164627784,1150.4568600156867,1174.4388502012214,16521973,-0.4638331413326813,1163.7748413085938,1176.6078369140625,1167.2545275150464,1162.0650870443144,55.37674872855692
2022-05-30,1206.935791015625,1211.1025664956994,1174.9597635821942,1184.3803827895526,13853398,3.4833678252843114,1160.9339172363282,1179.3375756835937,1171.0336954674826,1163.8247224941697,66.55643374760635
2022-05-31,1192.374267578125,1213.2764285050257,1184.6973432373502,1196.337262181718,70620653,-1.2064870017026053,1157.586846923828,1181.4146533203125,1173.0661309065913,1164.9443124974623,65.7774367970655
2022-06-01,1192.75927734375,1202.587575606305,1184.9237375655662,1193.1215535044294,9776989,0.03228933868282269,1156.2246948242187,1182.7897094726563,1174.9416686625113,1166.0350954326107,72.00187245235531
2022-06-02,1233.88427734375,1237.5755649319342,1192.98576447725,1192.98576447725,22126569,3.447887665278482,1158.1133666992187,1185.1168041992187,1180.555250441677,1168.6958476644202,74.99159447873777
2022-06-03,1258.8853759765625,1276.0283243723425,1241.9009234208313,1242.8068535360608,23939791,2.026210973903786,1161.7106689453126,1187.3664477539062,1188.0152623973802,1172.2326919119553,77.09166773405028
2022-06-06,1253.4730224609375,1274.5110388345445,1246.3395117355965,1259.1119042533817,11093152,-0.42993219390021764,1167.355157470703,1189.4349267578125,1194.2493347843856,1175.4185872276016,71.2781204640048
2022-06-07,1255.828125,1264.139152836091,1246.4527910651425,1254.5372764842175,12358255,0.1878861767953044,1174.1059020996095,1191.193154296875,1200.113981471587,1178.5719024343623,71.07155161845081
2022-06-08,1233.7711181640625,1259.564728048269,1230.260968517713,1255.8281557796806,12479250,-1.7563714649198148,1180.327862548828,1192.3544360351561,1203.3194230613467,1180.7365775610174,72.34633316693862
2022-06-09,1267.6038818359375,1269.5287134718806,1227.407402469765,1227.407402469765,17278305,2.7422236729143457,1189.3714965820313,1193.955947265625,1209.4417524684504,1184.1431385129752,68.28963406874044
2022-06-10,1229.3326416015625,1263.5958986630922,1223.5579057416696,1255.443365625697,18093057,-3.019179791319726,1195.885595703125,1194.7866040039062,1211.3361228620802,1185.9152758889982,59.876738219731706
2022-06-13,1206.074951171875,1210.5588374187555,1184.9690106078476,1200.2324095352897,17620803,-1.8918956222774397,1201.2232299804687,1194.6955615234374,1210.8350588915844,1186.7058513902875,54.01551561613687
2022-06-14,1190.3135986328125,1210.1288135182251,1183.6783373201108,1200.2552293704457,14714312,-1.3068302698557854,1203.464044189453,1194.635322265625,1208.8806341050347,1186.847331674308,51.30512638332123
2022-06-15,1175.910888671875,1194.4805402025763,1170.5211912252462,1185.5354082981676,11195535,-1.2099928940978555,1204.7763793945312,1194.0959008789061,1205.7406583494956,1186.4184515565655,50.73756089803701
2022-06-16,1159.4698486328125,1204.331357067944,1156.752298028243,1188.0036507794862,17111475,-1.3981535673703749,1206.591455078125,1193.1565478515624,1201.3339145669545,1185.3616435987713,48.8348675443252
2022-06-17,1173.057373046875,1188.8415454022556,1157.7035234680366,1159.4698594973618,24457187,1.1718738896129288,1205.8113037109374,1192.8299926757813,1198.6409106126612,1184.8791231849714,43.64266505403685
2022-06-20,1151.79296875,1185.331550638825,1141.8513382748356,1179.851164692969,12066797,-1.8127335274014111,1204.3653564453125,1192.1415576171876,1194.1792018638364,1183.5816269326194,42.571726073433204
2022-06-21,1170.38525390625,1174.5973137201734,1145.112415821389,1159.4698864092793,11720049,1.6142037380578511,1203.6463562011718,1192.2434643554689,1191.9131115821615,1183.064122108056,46.1604367961911
2022-06-22,1134.8310546875,1158.6998308652678,1132.747607320494,1158.6092618232658,10617206,-3.037820162214544,1201.2368286132812,1191.2465893554688,1186.4767252112413,1181.1726292680341,32.67032519248693
2022-06-23,1116.419921875,1143.6177098347453,1107.3842221697334,1139.1111811125647,19446323,-1.6223677292273142,1198.4706298828125,1189.930859375,1179.8046487030279,1178.633307409484,24.486919233145315
2022-06-24,1132.3175048828125,1137.2768791745684,1117.8014186070498,1123.2365200121849,14240234,1.423978800119663,1196.7710571289062,1189.3782983398437,1175.2820635772932,1176.8170014280458,29.088478063366694
2022-06-27,1128.9658203125,1152.6534598644344,1123.9383995696694,1152.6534598644344,15474529,-0.2960021863001594,1192.87255859375,1188.8438525390625,1170.87099279017,1174.940484521554,28.17855331100354
2022-06-28,1144.840576171875,1147.67133814574,1124.187598454475,1124.187598454475,13572847,1.406132548368988,1190.4958740234374,1188.6975610351562,1168.3919054931896,1173.7600959588217,34.37075087519368
2022-06-29,1168.59619140625,1176.2279518820312,1132.7477384681235,1135.555858296585,19205146,2.0750151356278,1189.2877197265625,1188.148173828125,1168.4113612944334,1173.5575898979366,31.96076643350422
2022-06-30,1175.6163330078125,1184.7878859438251,1162.1873163749465,1168.5281075997498,23112959,0.6007328838813608,1186.3743225097655,1187.0358081054687,1169.09754907666,1173.6383249218534,38.955084821486835
2022-07-01,1090.943359375,1173.9631898181497,1071.150907551117,1166.2183382001654,81997149,-7.20243256710944,1177.9772216796875,1183.6534130859375,1161.6542929145971,1170.3953850964867,31.10040157423512
2022-07-04,1093.2078857421875,1106.0254419629423,1071.648979247077,1077.4689986763794,41857728,0.20757506315312035,1169.96396484375,1180.527373046875,1155.1355874696058,1167.3684243374948,33.32036128279043
2022-07-05,1102.0625,1116.3973279805082,1094.7478514073186,1097.42011751126,17647327,0.8099661897152277,1162.27568359375,1178.1563452148437,1150.0810077105957,1164.8074076968087,37.068756188108225
2022-07-06,1092.3699951171875,1106.0027924376789,1081.5679595799388,1096.106567126978,23943726,-0.8794877679634827,1155.2056274414062,1174.8609155273436,1144.5847207969377,1161.966724850549,37.96604900432597
2022-07-07,1081.61328125,1102.0624779330788,1075.6800503518657,1098.7335863010785,23301033,-0.9847134135200775,1145.9060974121094,1171.3258911132812,1138.5874408400864,1158.8156094152334,33.43182833559666
2022-07-08,1083.1080322265625,1095.155633472675,1079.0996326989614,1095.155633472675,19010108,0.13819643327928066,1138.5948669433594,1167.4448388671874,1133.3036876387985,1155.8466848195992,36.59510457956381
2022-07-11,1097.82763671875,1100.046817658232,1073.4153285810387,1076.359301395055,13847467,1.3590153571226171,1133.1825012207032,1164.1263061523437,1129.9250161226032,1153.5714280313305,35.62195091271846
2022-07-12,1096.26513671875,1104.983845261713,1088.8146344584836,1088.8146344584836,10778989,-0.142326531755943,1128.480078125,1160.8652954101562,1126.7193133222363,1151.3241224896608,41.16793920445142
2022-07-13,1076.8349609375,1102.4022679488555,1074.7742754785731,1099.3677256155834,14224132,-1.7723974913045892,1123.5262817382813,1158.0019482421876,1121.9684226189281,1148.4029788993798,40.976682063553895
2022-07-14,1085.712158203125,1102.3796184650855,1076.5632467388843,1081.5680252499114,16970315,0.8243786269621634,1119.838397216797,1155.793974609375,1118.5154450555183,1145.9445153426639,39.02514043724549
2022-07-15,1087.818359375,1093.7968755659167,1079.348834704648,1093.7968755659167,9603210,0.19399259333714447,1115.5764465332031,1153.8115551757812,1115.5919130859452,1143.6650582458926,40.25321740981016
2022-07-18,1097.0804443359375,1098.3258884954794,1083.5154537448525,1096.5142680086967,15160908,0.8514367202130169,1112.8408203125,1152.9414990234375,1113.8289160621348,1141.8382106415806,38.32097025996782
2022-07-19,1103.8062744140625,1108.290160910551,1087.1388148491112,1087.1388148491112,16439888,0.6130662626290917,1109.5118713378906,1152.6013598632812,1112.8743787623184,1140.3467621620703,32.717141634652265
2022-07-20,1133.653564453125,1151.5438277746334,1126.0672081991272,1150.4115948025603,23924246,2.7040333735107946,1109.4529968261718,1153.08779296875,1114.8533488281096,1140.0842838205429,40.0215499849928
2022-07-21,1126.0897216796875,1132.2947793542016,1117.484344754926,1129.577228851476,16523230,-0.6672093671831969,1109.9364868164062,1153.8749633789062,1115.923479575879,1139.535477462078,63.19725639857393
2022-07-22,1133.698974609375,1139.6774905895736,1130.0303289124045,1132.29491466853,10969995,0.6757235043702847,1110.0055603027345,1154.5679296875,1117.6163838647833,1139.306594997266,64.61745106040561
2022-07-25,1096.242431640625,1117.5522733397709,1088.361726850526,1117.5522733397709,23110452,-3.3039231584077178,1108.3693908691407,1154.5063330078126,1115.5807693672443,1137.6178042773977,48.2585541887035
2022-07-26,1096.74072265625,1106.886133119494,1092.143624721455,1096.5595845623452,11303288,0.045454454347226836,1105.9643981933593,1153.531201171875,1113.7864792042924,1136.0147814687252,51.38392750160211
2022-07-27,1095.6990966796875,1099.2317688342157,1087.908840568981,1096.0387306174955,8655086,-0.09497467861316888,1102.3195434570312,1152.4518994140626,1112.063871344806,1134.4337742220964,54.75245363525163
2022-07-28,1112.86474609375,1117.7788361232904,1096.5143960795697,1103.3081533989875,12496073,1.5666390039089872,1099.1819641113282,1152.2458276367188,1112.1401451304198,1133.587929981769,59.079582625330474
2022-07-29,1136.5748291015625,1140.0396942059217,1115.989778235377,1120.8359411287292,15130683,2.13054489245319,1101.4635375976563,1151.2041162109374,1114.467257889576,1133.7050632805847,61.20790287851835
2022-08-01,1166.19580078125,1172.038463313215,1135.7370437974075,1140.968245399228,15700044,2.6061611537800955,1105.1129333496094,1150.9137939453126,1119.3937857840212,1134.9792098492383,67.40304369170349
2022-08-02,1170.63427734375,1181.1193216829413,1160.1718752661886,1165.1313691654111,13917913,0.38059445588181084,1108.541522216797,1150.6311743164063,1124.2738325992334,1136.3774477901995,75.22526663007424
2022-08-03,1180.462646484375,1182.1157712823,1162.8442104812696,1177.5865998850716,14250977,0.8395764015151075,1112.9461547851563,1150.5799951171875,1129.6251482073421,1138.1062791115398,75.3513674523606
2022-08-04,1164.859619140625,1185.6259288355277,1148.146993347087,1182.1157790494954,14467127,-1.3217722212743088,1117.1084716796875,1150.4423095703125,1132.9808121057501,1139.1554297009159,69.22462079074376
2022-08-05,1147.69384765625,1167.984546831775,1144.5008098568317,1166.7164604960217,13942438,-1.473634350638664,1120.3377624511718,1150.0700073242188,1134.38205358675,1139.490269620733,62.15061754588736
2022-08-08,1162.708251953125,1170.1361123075012,1146.3352600049257,1146.3352600049257,10165178,1.3082238201012064,1123.5817932128907,1149.1854565429687,1137.0797867645,1140.4007787318071,63.59923318390452
2022-08-10,1169.66064453125,1173.012178752456,1158.133815529184,1167.1242318013608,10724688,0.597948158228534,1127.2515686035156,1148.7311840820312,1140.1827255994287,1141.5482244494324,59.29605038404471
2022-08-11,1173.5556640625,1182.0704726435374,1168.618812190309,1178.990645714219,8198226,0.3330042392604371,1132.0876037597657,1148.3471118164061,1143.3611006911497,1142.8034181597486,62.49104549434975
2022-08-12,1192.5328369140625,1196.31469366612,1169.5247047340197,1173.193230375856,12650587,1.6170662741185282,1137.4286376953125,1147.5200830078124,1148.0441231885698,1144.7535914442317,64.60855780626272
2022-08-16,1200.8212890625,1203.5388398516432,1189.9513255065965,1198.511418811862,6607378,0.695029259729707,1143.0787841796875,1146.3588012695313,1153.070519938468,1146.9523246841638,80.36557356131172
2022-08-17,1207.0941162109375,1212.4158859762824,1202.7460834374597,1207.0261894301318,6595965,0.522378076202723,1148.5794677734375,1145.4312231445313,1158.2156243453699,1149.3108263126649,81.0026303786442
2022-08-18,1209.2833251953125,1212.7820913718715,1199.6955520359063,1208.6925853891362,7410035,0.18136191329032325,1153.8533203125,1144.5003271484375,1163.0792149025074,1151.662689013945,81.70585934252259
2022-08-19,1187.72216796875,1209.464997552082,1183.6779742626552,1204.148579928399,9460724,-1.7829698613499145,1156.5567504882813,1143.5793481445312,1165.4261628135782,1153.076786227859,70.3951910835228
2022-08-22,1184.4276123046875,1195.6511862435966,1175.0671220726035,1189.1534098834666,9471680,-0.27738437093388635,1159.4736450195312,1141.9158227539062,1167.2358246698745,1154.3062303877348,64.66960550245861
2022-08-23,1202.694580078125,1205.602726680644,1177.4982950302235,1178.7024907985583,9678484,1.542261222523611,1162.9234252929687,1141.3830615234374,1170.6128489944697,1156.2038127285346,62.0261310672036
2022-08-24,1199.4908447265625,1213.236390851307,1197.4915843453325,1199.6499778722127,10369622,-0.2663797945571811,1168.0858459472656,1141.2513793945313,1173.3631343022882,1157.9013433951238,59.58606751159567
2022-08-25,1195.9921875,1210.0102083418858,1191.6981161929027,1203.671444195302,7871946,-0.2916785269303168,1173.0484191894532,1141.364951171875,1175.5182822258798,1159.395101987472,55.38534479109343
2022-08-26,1189.6077880859375,1204.1485194816453,1184.6095168359632,1196.4237108559755,10742038,-0.5338161470275105,1177.7438537597657,1141.6388891601562,1176.8601399268377,1160.5799132070197,59.168384388643226
2022-08-29,1180.36083984375,1206.4204546360302,1171.4546722003442,1174.6126958822672,19838975,-0.7773106678349628,1181.1186584472657,1142.056708984375,1177.1935399189247,1161.355635820225,62.85637418809332
2022-08-30,1198.6729736328125,1201.990130578996,1170.795826558723,1187.790261371782,23139054,1.5514013317729614,1184.223565673828,1142.5690209960937,1179.2392002726283,1162.8190608324833,63.79611809604083
2022-09-01,1163.4346923828125,1183.6780172121637,1159.0270403092493,1173.5450568236956,19909939,-2.9397744026215533,1184.0855102539062,1142.80185546875,1177.7340090450268,1162.8432032462217,48.0375808103622
2022-09-02,1149.84814453125,1170.2277638288456,1147.6670348863252,1163.4345573963135,12999345,-1.1677963482192633,1183.0462036132812,1142.39111328125,1175.078212424667,1162.3335931005365,42.957648420536586
2022-09-05,1167.7060546875,1173.022472536249,1150.0754462865928,1150.0754462865928,11327815,1.5530668324494235,1182.4083740234375,1143.04861328125,1174.3761021639846,1162.5442778686527,42.57580215475167
2022-09-06,1179.997314453125,1184.1550886922698,1168.705591439244,1169.1600343727337,10899618,1.052598786850889,1183.1652587890626,1144.3201611328125,1174.9114557153312,1163.2287106758868,43.918394761384604
2022-09-07,1173.1361083984375,1179.1114147484411,1167.796974159679,1170.068948733432,7488501,-0.5814594635638937,1184.4373718261718,1145.136533203125,1174.7423750184842,1163.6172360767712,40.11658973601037
2022-09-08,1174.79443359375,1180.5198614611618,1168.2512248209334,1176.0894937430355,7057077,0.14135829452699422,1185.041680908203,1146.05310546875,1174.7473329780335,1164.0555575480253,39.930961190438346
2022-09-09,1167.478759765625,1185.972579330713,1165.0703685493695,1185.972579330713,8314850,-0.6227194834202643,1184.9325866699219,1146.505869140625,1174.055087910185,1164.189800772245,43.55373635600336
2022-09-12,1180.542724609375,1186.881609136413,1168.046804859231,1168.046804859231,7435419,1.1189895091858082,1185.2819396972657,1146.7447998046875,1174.6729580720125,1164.8310919031128,48.83536764323789
2022-09-13,1190.403076171875,1194.9243089400052,1181.8832020191865,1189.607891122723,8888657,0.8352388572605562,1185.1754516601563,1147.0405346679688,1176.1710645577139,1165.8339148156133,46.11960130841871
2022-09-14,1176.135009765625,1185.9726599528265,1169.046493026583,1170.0688394223357,8678219,-1.1985911908203084,1183.9411376953126,1148.7443676757812,1176.167630767991,1166.2378793234568,43.108085035260856
2022-09-15,1164.4798583984375,1183.041828116281,1161.776157155841,1173.7040529111878,10365600,-0.9909705323294493,1181.8104248046875,1150.1698071289063,1175.0545095899383,1166.1689373263973,41.12829670197491
2022-09-16,1135.6256103515625,1160.0721402601105,1131.8995628990683,1155.868933735767,20217708,-2.477865790358935,1178.1275390625,1150.8410693359374,1171.2993763291406,1164.9711597979724,36.50918196383835
2022-09-19,1137.1025390625,1146.3040180403946,1127.5147655140895,1135.6257495827476,7580254,0.13005419193392598,1175.5965576171875,1151.7357202148437,1168.0425346846987,1163.8782727103066,38.75239474850221
2022-09-20,1137.2841796875,1153.119972213298,1133.5808482063046,1146.1903481529216,8411448,0.015973988163797692,1173.2393859863282,1152.8491381835938,1165.1131675421084,1162.8353671015693,32.37671511784788
2022-09-21,1140.419677734375,1150.9843653188254,1133.7173348356014,1134.512519912323,9207309,0.2757004891896564,1170.1256408691406,1153.99537109375,1162.7614066080384,1161.9563204597187,41.89993048699488
2022-09-22,1129.673095703125,1137.352352488463,1123.3116153435435,1129.6276634257686,10308170,-0.9423357243887431,1166.6347534179688,1154.6322802734376,1159.6101389028086,1160.6903116457347,42.75461051110608
2022-09-23,1108.498291015625,1134.1488981287762,1106.9533532004175,1129.1733426023927,9528051,-1.8744187825700531,1162.26005859375,1154.876943359375,1154.742343865934,1158.6435657386714,29.23171519151029
2022-09-26,1080.257568359375,1098.637929447728,1079.257938059937,1087.845960638479,12479523,-2.547655949056571,1156.792547607422,1154.9453955078125,1147.648555722452,1155.5696050571303,18.535000646962047
2022-09-27,1088.8455810546875,1102.363845481466,1072.4191704410875,1087.8231145473603,16154822,0.7949967625179744,1152.2167846679688,1155.0080639648438,1142.0482724207602,1152.9529766648775,23.695374248964967
2022-09-28,1059.8551025390625,1080.5528678614462,1057.4241154049128,1072.5327497220442,16997059,-2.6624967782432507,1145.2758911132812,1154.448798828125,1134.220351479646,1149.302079640336,19.35803002680896
2022-09-29,1056.6063232421875,1075.7817488504493,1051.017191660742,1072.3738473223364,14671827,-0.30653051432143474,1139.93447265625,1153.63931640625,1126.8285392665548,1145.666951938448,19.787094898513814
2022-09-30,1080.439208984375,1091.4582168624277,1050.1082416737163,1050.1082416737163,18613024,2.255606957665801,1136.4640258789063,1153.1719750976563,1122.410507811109,1143.1090012343668,24.233879836363286
2022-10-03,1076.6905517578125,1098.251530811662,1073.7369732258553,1086.687214378407,11852723,-0.34695679269972635,1131.9132507324218,1152.03271484375,1118.0562262822236,1140.504356156855,19.780206233459182
2022-10-04,1096.5474853515625,1098.7285948569065,1086.073664575446,1089.5498341414104,8948850,1.8442563242829113,1127.7407592773438,1151.4418701171876,1116.0077747650178,1138.7805573017456,29.45930397776499
2022-10-06,1100.591796875,1113.269446039468,1098.796981461761,1103.7272251000825,13352162,0.368822287904913,1124.113543701172,1150.7797265625,1114.5395863945398,1137.2829588536379,32.83690748141109
2022-10-07,1105.2493896484375,1110.4976589700225,1097.206554532043,1097.206554532043,7714340,0.4231898499209352,1120.6362915039062,1150.9598657226563,1113.654805752054,1136.0267404534338,40.620212894276584
2022-10-10,1093.1851806640625,1098.547030597458,1085.0969133921378,1092.8216022630288,6329527,-1.0915372672779755,1116.921612548828,1150.8887548828125,1111.7053176484358,1134.3466792852232,37.27115059251591
2022-10-11,1071.41943359375,1096.9110251312234,1068.32955827905,1096.9110251312234,9215177,-1.9910393458764886,1111.4654479980468,1150.4031616210937,1107.8685667860848,1131.8789441600675,33.03287740844816
2022-10-12,1079.3033447265625,1082.2342073300697,1064.6944639855951,1068.7386577474497,7417103,0.7358379814307092,1105.9104614257812,1149.73193359375,1105.1480694470827,1129.817155946989,34.6320614735958
2022-10-13,1082.7340087890625,1087.8231445652352,1072.419200033899,1077.5538882747444,7328492,0.31785911525819,1101.240411376953,1148.6551171875,1103.0133970034617,1127.970758019227,37.74613685830738
2022-10-14,1077.2357177734375,1097.9789154976827,1076.508681223135,1097.3654596284905,9106089,-0.5078154903229049,1096.8782043457031,1146.8759155273438,1100.5583799339356,1125.9811485978237,41.111071774911785
2022-10-17,1094.525634765625,1096.9111900194368,1064.9218171343564,1070.1019383497958,16729355,1.6050263379610463,1094.8232055664062,1145.3537426757812,1099.983832775049,1124.7475990357766,54.3262682253728
2022-10-18,1113.83740234375,1119.176536172448,1099.7056807153497,1100.5462980220425,12415820,1.7643960967858252,1093.6599487304688,1144.0212377929688,1101.3032203530206,1124.319748185109,57.11514388206682
2022-10-19,1133.21728515625,1148.6440655761994,1109.4977929604431,1115.314085328947,19247142,1.7399202766688049,1093.4566040039062,1143.3883911132812,1104.3426550961854,1124.6686712035848,72.09523942578694
2022-10-20,1136.2618408203125,1144.6227018334394,1129.173323936751,1129.173323936751,8717053,0.26866477452669457,1093.248712158203,1143.1597509765625,1107.3825775461023,1125.1233053062017,74.02021629819407
2022-10-21,1123.084228515625,1143.6229813098248,1120.994103570685,1139.4879233106462,8243452,-1.1597337718543876,1092.9192687988282,1142.3672705078125,1108.877972876533,1125.0433415104928,63.74279910182514
2022-10-24,1126.8331298828125,1137.1252236758137,1115.6778227953112,1117.8133802746593,3370033,0.33380411477619276,1093.8360107421875,1141.5107202148438,1110.587987829512,1125.1135292897995,66.15893956369038
2022-10-25,1109.4296875,1135.5347355693707,1107.8166013928017,1135.5347355693707,12233241,-1.5444560442256838,1095.2946166992188,1140.2282006835937,1110.4776735124155,1124.4984766705918,54.218118592241744
2022-10-27,1113.7918701171875,1121.6529753517275,1105.4537260220727,1116.90446154382,12513059,0.39319144478793255,1096.5419311523438,1138.6533813476562,1110.7933112842986,1124.0786097469288,54.31322290908308
2022-10-28,1147.87158203125,1151.8929390234955,1117.5633290375397,1120.085180684718,17609592,3.0597917643694794,1100.9427551269532,1137.5943872070313,1114.3245751649606,1125.011667483569,61.681102401718235
2022-10-31,1158.5272216796875,1163.6846262416873,1150.62068370947,1154.6194450652783,12419943,0.9282954483097683,1106.038800048828,1136.6230493164062,1118.534351023506,1126.3260029422404,68.04707434039823
2022-11-01,1149.5528564453125,1181.428644108962,1139.6243422706675,1181.428644108962,13963166,-0.7746356810989341,1109.494482421875,1135.4284399414062,1121.4884943970114,1127.236859942361,73.22070570275332
2022-11-02,1156.7322998046875,1158.7998289194838,1142.8051438822936,1150.666129478395,8981896,0.6245422573760928,1113.4965698242188,1134.808642578125,1124.8450472929806,1128.3935438585308,73.10810239730469
2022-11-03,1161.0491943359375,1163.04857522189,1147.371914666693,1149.5530246719463,6693449,0.37319737090240057,1116.7216552734376,1134.34107421875,1128.2930612970717,1129.674157602743,73.24960607892338
2022-11-04,1178.1343994140625,1181.428720196316,1159.2088516372305,1160.4810755593053,12575815,1.4715315390143147,1120.5987854003906,1133.8498706054688,1133.0398554034518,1131.5745592424025,78.02592907547479
2022-11-07,1184.4276123046875,1186.1089669253429,1169.6144081491448,1177.339096223311,11789748,0.5341676547051755,1124.5576965332032,1133.5486059570312,1137.9339274892839,1133.6472279899433,76.5962010843933
2022-11-09,1183.2464599609375,1191.4028762322173,1176.9075752515669,1186.109174333478,11254205,-0.0997234724587126,1129.0607604980469,1133.29369140625,1142.2494067722985,1135.5922959103743,73.00107521923064
2022-11-10,1168.9329833984375,1179.8611290593667,1164.616195791804,1176.8848340514855,5966242,-1.2096783761324392,1133.9364379882813,1132.8801953125,1144.7906997843118,1136.8997738510827,62.246855020790726
2022-11-11,1195.878662109375,1197.787058206641,1175.9760787775724,1181.428793587036,12310132,2.3051517147371747,1139.765203857422,1133.1905517578125,1149.6562200057465,1139.2126714298392,67.56360581477227
2022-11-14,1190.0850830078125,1200.5134736804264,1183.7689145270133,1195.4015009715274,9043112,-0.48446211853494514,1145.1327575683595,1133.0187939453126,1153.506587910705,1141.2076679623087,70.63687039932142
2022-11-15,1184.7459716796875,1193.4248592098502,1176.8848651845096,1191.561895358841,7086433,-0.4486327409995772,1150.5082702636719,1133.44501953125,1156.481767317275,1142.9150524218137,67.66463766086957
2022-11-16,1177.9527587890625,1188.6764594316192,1172.954366703904,1185.9727580356148,9716161,-0.5733898281159666,1154.6796264648438,1134.0071118164062,1158.5266236479215,1144.28908012249,72.34746273505321
2022-11-17,1180.997314453125,1187.3360795772503,1172.3410220887529,1174.5902807120274,6661451,0.2584616098859849,1158.0376220703124,1134.2729370117188,1160.6666894388932,1145.7286187236916,72.10774648735689
2022-11-18,1180.36083984375,1185.518244075579,1168.2966485184213,1184.4957775689334,5303197,-0.05389297685827188,1160.3947998046874,1134.2802075195314,1162.5423228107843,1147.0867450421254,63.70253444785611
2022-11-21,1159.1180419921875,1175.9760614312995,1155.5737233322704,1175.9760614312995,6390268,-1.7996867681898454,1161.5376098632812,1133.9998461914063,1162.2162008280607,1147.5585606087943,50.22875335095301
2022-11-22,1165.547607421875,1167.1152613187112,1152.5746494360667,1156.4369938334312,6611488,0.5546946209755266,1163.6607788085937,1133.8149096679688,1162.5334776465193,1148.2640134249934,56.31732366755668
2022-11-23,1161.9124755859375,1171.3866679891707,1159.7313656787817,1170.0688915510789,6413408,-0.3118818839136228,1165.41474609375,1133.703583984375,1162.4743345931306,1148.7992472352266,52.104906024249374
2022-11-24,1171.931884765625,1178.702375351731,1157.8910283853108,1165.9792953074673,9389439,0.8623204750973112,1168.5398559570312,1133.5313671875,1163.3750536571777,1149.7064094913208,54.22620339969718
2022-11-25,1189.4261474609375,1192.7431844497548,1173.295044904841,1176.430472976704,7349922,1.4927712883937128,1172.3215698242188,1133.5118286132813,1165.8561102099166,1151.264046274443,54.37116999277946
2022-11-28,1230.299072265625,1236.4333911015242,1136.8980043426527,1185.472920181286,31527484,3.436356674345764,1176.4429443359375,1134.5951098632813,1171.993535167603,1154.3634590584109,64.00729404064057
2022-11-29,1232.411865234375,1241.2498849313702,1224.141869160624,1228.6631016268889,11058913,0.17173003023234212,1180.1371765136719,1135.95375,1177.747661840629,1157.424180869233,64.92819501245737
2022-11-30,1241.1136474609375,1247.5206802015884,1226.0504438987869,1232.54834119291,26164986,0.7060774463500952,1184.7152160644532,1138.0635107421874,1183.7825176139918,1160.7061207355744,72.68957736966915
2022-12-01,1237.455810546875,1251.8601266305575,1234.1387734132652,1245.862104269674,9485801,-0.2947221571163672,1188.7513916015625,1140.070576171875,1188.894259798076,1163.7159124928803,65.31122331549571
2022-12-02,1236.9332275390625,1248.6793948058917,1227.1410088571656,1240.50026242272,11589592,-0.04223043791612424,1192.5455932617188,1142.0635571289063,1193.469399582932,1166.5871797495934,67.9491448690271
2022-12-05,1218.8936767578125,1234.479471928364,1216.871700030192,1232.3210781772725,14828536,-1.4584094257974245,1194.5835571289062,1143.633037109375,1195.890759313873,1168.6384149263863,61.92284152148377
2022-12-06,1222.415283203125,1225.5051588426245,1209.146894711336,1211.009978665276,8594245,0.2889182635420484,1196.4829406738281,1145.487880859375,1198.4169044461828,1170.7473117215525,65.88727201986885
2022-12-07,1204.3758544921875,1224.5964643493226,1200.5816581384124,1220.052515180835,8462111,-1.4757201549107202,1197.5394104003906,1147.4054321289063,1198.984423498183,1172.0660781047147,57.54505950809791
2022-12-08,1203.8077392578125,1210.9645247591304,1199.6500849785011,1208.6925503476532,7757008,-0.047170925276851516,1199.2831481933595,1149.876435546875,1199.4437869038622,1173.3108491303265,57.57046181011276
2022-12-09,1185.5638427734375,1208.6925984914808,1182.269401621288,1202.3309977712286,12655763,-1.5155157995265012,1198.7674072265625,1151.81080078125,1198.1218874628694,1173.7913586849581,58.7073602844952
2022-12-12,1187.38134765625,1191.8798642806923,1174.6128344148897,1174.8401159938364,9479842,0.15330299535458725,1198.6322204589844,1154.3613256835938,1197.098978909858,1174.3242994289303,57.413993497180506
2022-12-13,1192.78857421875,1196.4236366510218,1184.473026360029,1187.3811724588006,8333348,0.4553908963765618,1199.0343505859375,1157.084970703125,1196.6884641773715,1175.0483886363743,60.359791376376904
2022-12-14,1188.471923828125,1199.127475241392,1186.4271108317469,1198.5367354613884,7268947,-0.36189568578424147,1199.5603088378907,1159.245625,1195.9059365250623,1175.5748017811488,55.77047236650012
2022-12-15,1171.591064453125,1188.244637773301,1168.2513114103942,1182.564761948623,8688551,-1.4203835224500638,1199.0899963378906,1161.1436352539063,1193.590234422973,1175.418576787893,43.7509676900586
2022-12-16,1165.7974853515625,1189.9714223850988,1162.412300039899,1168.2513090093971,15837349,-0.49450523116330025,1198.3618286132812,1162.5286352539063,1190.9433059399817,1175.0412790845076,20.033664114258357
2022-12-19,1181.110595703125,1183.246273075343,1166.2972711057284,1172.7951677670053,7729933,1.3135309128707418,1199.4614562988281,1164.1390112304687,1190.0068573459955,1175.2792915009238,28.770201295630983
2022-12-20,1191.3345947265625,1193.242990634255,1165.9792991040035,1174.1129983269077,7467588,0.8656258830148866,1200.7508056640625,1165.8607153320313,1190.1333085250972,1175.9089112352626,29.656435768035777
2022-12-21,1174.3857421875,1196.423883640869,1170.568829692697,1190.9711686756098,8527550,-1.4226777778540534,1201.3744689941407,1167.4847265625,1188.6335403024689,1175.8491791157426,26.75041264001412
2022-12-22,1171.3411865234375,1183.541675654874,1166.3200787009305,1180.519948544436,7451122,-0.259246647391298,1201.3449340820312,1169.4831616210938,1186.9866494663706,1175.672395092515,26.26210684238707
2022-12-23,1136.9888916015625,1177.112082738486,1132.4676588679465,1164.7524600759673,10257115,-2.932731753745743,1198.7230712890625,1170.6368725585937,1182.224958241151,1174.1553949556148,23.48873744302341
2022-12-26,1146.91748046875,1155.073896863254,1132.5358801607608,1142.6916774565434,5990242,0.8732353447360452,1194.5539916992188,1171.9205419921875,1178.862341310446,1173.087241446326,26.53579357744563
2022-12-27,1156.300537109375,1158.1635005411677,1142.9185703008357,1149.6209117724798,5763271,0.8181108754912403,1190.7484252929687,1173.5018383789063,1176.7135980532012,1172.4289393154652,34.20884439116122
2022-12-28,1156.1871337890625,1158.6181211536698,1145.75874366298,1153.2562711921107,7459393,-0.009807426069008418,1186.502099609375,1174.735068359375,1174.7586966947117,1171.7920057654103,34.31133775175343
2022-12-29,1155.66455078125,1158.209118855438,1147.5762834083114,1148.2578877514563,6930648,-0.04519882573852385,1182.4125366210938,1175.571611328125,1172.9402066077153,1171.1595565503453,38.847398295430224
2022-12-30,1157.4366455078125,1170.97762738263,1154.6649160603042,1156.4824475075625,7289476,0.15333988789087982,1178.4377075195312,1176.0559985351563,1171.4636769791532,1170.6214031761283,38.82667492609783
2023-01-02,1170.4779052734375,1171.8865462707408,1157.8911210447166,1158.7090222381169,5316175,1.1267363804524422,1176.0169189453125,1176.7403198242187,1171.3697939595613,1170.6157758073953,42.12387946629802
2023-01-03,1161.9124755859375,1169.160125804233,1157.7093889350726,1165.5476587645308,7658932,-0.7317890964801288,1172.9917785644532,1177.516884765625,1170.469096971597,1170.2744699163577,40.89704529993415
2023-01-04,1144.418212890625,1163.7300547153022,1142.3506838068283,1161.8896870062515,9264891,-1.5056437608598983,1169.993896484375,1177.8685864257814,1167.9880603924569,1169.2604990526036,40.72580376367382
2023-01-05,1142.3734130859375,1152.5292093307503,1137.806748253793,1146.6674842652508,13637099,-0.1786759229847168,1166.9221801757812,1178.5274609375,1165.5485701727882,1168.206103524499,41.795323047664006
2023-01-06,1152.7564697265625,1157.777577935928,1144.3047436595773,1148.0989399434063,6349597,0.908902161209868,1165.2818115234375,1179.3067529296875,1164.3302748921953,1167.600235532423,39.71321701282631
2023-01-09,1179.974609375,1182.3375684218504,1155.687212453628,1156.5732620005954,10722753,2.3611352755967374,1164.911474609375,1179.9488134765625,1165.8202115096053,1168.0855050948771,46.33104745774205
2023-01-10,1162.52587890625,1184.155127696438,1156.891435377878,1184.155127696438,8047142,-1.4787377906370525,1163.39833984375,1180.0287866210938,1165.5064655473811,1167.8674805384603,46.18192936042719
2023-01-11,1147.87158203125,1162.344044167369,1145.5767715508584,1159.8449086559888,11509553,-1.260556615633135,1161.3683227539063,1179.9951611328124,1163.826952831559,1167.0833276558246,42.969888659341464
2023-01-12,1123.084228515625,1150.7569299071174,1120.0852177263123,1147.280880250268,17688773,-2.159418693140025,1158.9429809570313,1179.3221997070314,1159.9466933728988,1165.3578727875815,45.58181136929054
2023-01-13,1121.266845703125,1123.675117069892,1106.2717897707075,1117.0863548772086,20618583,-0.16182070465916576,1156.7164489746094,1178.526552734375,1156.26289835673,1163.6288129019165,41.406583555669705
2023-01-16,1110.5885009765625,1126.7421991055548,1102.8182596793808,1123.584175159578,13623855,-0.9523464256063208,1153.1903442382813,1177.175634765625,1151.9129557490949,1161.5488006695498,34.81742703933482
2023-01-17,1126.3560791015625,1128.2644751675343,1113.5421334042796,1116.9046027544262,10751000,1.4197498093249994,1149.9414184570312,1176.0142041015624,1149.4789674969488,1160.1686939413935,41.025302026042404
2023-01-18,1124.492919921875,1131.9450149571076,1117.9724269094495,1123.947732620178,13448286,-0.16541475775349035,1147.44677734375,1174.8391333007812,1147.0993439183703,1158.7696439798437,40.69702882573842
2023-01-19,1123.2886962890625,1127.4236337375953,1116.290924928179,1123.674870576832,11940054,-0.1070903703774495,1145.0441528320312,1173.9262475585938,1144.8316631917696,1157.37823426648,39.77410473153278
2023-01-20,1109.9295654296875,1124.6291897175156,1107.4758620574123,1124.6291897175156,14930286,-1.1892873936601212,1143.6911865234374,1172.207265625,1141.5076538810952,1155.5175021552332,31.90273539374462
2023-01-23,1104.3177490234375,1120.6305800710877,1101.9094778576764,1112.8150268033935,10954118,-0.5056011283092077,1141.5611999511718,1170.4919189453126,1137.9657581803658,1153.5096686990844,32.47613670972582
2023-01-24,1097.7972412109375,1110.3839043654414,1084.8014472016189,1108.7253859560433,16488755,-0.590455764952269,1138.63603515625,1168.7529443359374,1134.1401851356582,1151.3248676211178,34.80000604944787
2023-01-25,1082.620361328125,1097.2292417944516,1081.4617181061994,1096.2068953996695,12385018,-1.3824847898207038,1134.957696533203,1166.8462963867187,1129.2335352492264,1148.6305732566868,32.055127572511296
2023-01-27,1062.081787109375,1084.8015319770325,1050.403768536496,1083.461159577074,25830975,-1.8971169352065331,1130.2785583496093,1164.4679858398438,1122.8381306644787,1145.236503211694,24.33436874820761
2023-01-30,1072.26025390625,1077.781116815708,1045.564464693845,1059.5144571522903,21772103,0.9583505639972678,1126.0197387695312,1162.3059741210936,1118.021190020838,1142.3746895134416,16.256263881495627
2023-01-31,1069.579345703125,1084.9379802131518,1063.7403362487162,1082.3705756526113,22691594,-0.25002402106749644,1120.9748107910157,1160.5152001953124,1113.4076810381987,1139.5199701483311,17.9137611060262
2023-02-01,1063.240478515625,1081.438989315294,1047.3819702702858,1081.438989315294,19347800,-0.5926504857227677,1116.0412109375,1158.4690576171874,1108.6298522265251,1136.528617535284,19.004862311985548
2023-02-02,1057.35595703125,1066.920892525141,1050.1083077780725,1053.2890475640809,13662663,-0.5534516041554638,1111.6880981445313,1156.3779272460938,1103.7466241126895,1133.4238073194394,22.059144036714386
2023-02-03,1058.2874755859375,1067.3753725425988,1041.929212987467,1067.3753725425988,24699575,0.08809886098366526,1107.4838012695313,1154.1050390625,1099.417181395856,1130.477284506361,23.02452501283608
2023-02-06,1050.312744140625,1054.652247201578,1047.745460235849,1051.9258301558875,14837879,-0.7535505833041412,1102.3616149902343,1151.3227709960938,1094.7405683239292,1127.333577041038,23.57042459328946
2023-02-07,1047.7908935546875,1057.5603943899198,1041.9291690153093,1050.5627428744976,15135435,-0.24010473071055527,1095.7524291992188,1147.672607421875,1090.2691707268586,1124.2142561200048,11.023434169218248
2023-02-08,1068.7159423828125,1072.3284093286718,1048.290888887822,1051.017186057536,21160332,1.997063436687796,1091.0619323730468,1144.3986889648438,1088.21648231314,1122.037851659723,26.72993225618184
2023-02-09,1070.5789794921875,1077.3040386110729,1060.559599329042,1069.3976200283605,13172763,0.1743248168658562,1087.1973022460938,1140.9879956054688,1086.536720139716,1120.0198566727609,28.129811666315504
2023-02-10,1061.763671875,1070.0563840638993,1054.7886158361223,1070.0563840638993,10790445,-0.8234149732109342,1084.1312744140625,1137.4741528320312,1084.177382209743,1117.735300406182,29.232042157520155
2023-02-13,1055.7203369140625,1067.82996247789,1051.2672523692866,1063.3768779331142,10352493,-0.5691789162710181,1080.8539489746095,1133.8498950195312,1081.467187419678,1115.30334105355,29.123667010663908
2023-02-14,1080.598388671875,1082.3250555378218,1055.8565481440585,1058.7192622894795,14321920,2.356500191190092,1079.354443359375,1131.0839892578124,1081.384444681792,1113.9423625287784,43.61828856552473
2023-02-15,1105.067626953125,1107.4533024427076,1078.2810909230325,1079.6441795283704,33503591,2.264415581011958,1078.290020751953,1128.7370361328126,1083.6399858504903,1113.5943336826745,57.791837993769505
2023-02-16,1104.2042236328125,1119.5401413378129,1101.9322491792432,1113.019527781497,17264487,-0.07813126538627202,1077.2755859375,1126.733603515625,1085.5984846869019,1113.226094072876,66.9345569651314
2023-02-17,1108.81640625,1112.1335637259278,1095.3662876043545,1099.6376431744663,11809520,0.417692897606714,1076.5519714355469,1124.8337768554688,1087.8097153119588,1113.0531651386457,65.3853267380855
2023-02-20,1097.093017578125,1113.155852121636,1095.1390690194628,1110.9974583087271,8836937,-1.0572885290833112,1075.9101440429688,1123.0643603515625,1088.693839337308,1112.4272769990173,60.760602004006486
2023-02-21,1106.044677734375,1111.8154187780797,1096.1614739086865,1101.4552961916092,13311592,0.8159435902719725,1075.9964904785156,1121.437626953125,1090.3463001370287,1112.1769789886393,66.40544733537568
2023-02-22,1080.9617919921875,1104.181409716533,1079.2124090771258,1102.34116225432,11024335,-2.2678004105193383,1075.154718017578,1119.2010913085937,1089.4525374565676,1110.9528540083863,57.88671747232212
2023-02-23,1075.78173828125,1088.1640768500556,1072.9872927091903,1080.5529686414245,9851910,-0.4792078452089177,1074.8127868652343,1116.9472875976562,1088.1505565827279,1109.5735945681065,55.68349192525598
2023-02-24,1083.1429443359375,1088.800224148405,1076.0089953829322,1077.8265267799054,9434053,0.6842657569599897,1075.8658447265625,1115.1783251953125,1087.6736411306526,1108.5370984805704,60.70848101981514
2023-02-27,1075.9407958984375,1085.8467152410444,1068.6024012348664,1082.3705449963545,11199715,-0.6649305592730914,1076.049871826172,1113.38119140625,1086.556227299013,1107.2588121048004,58.90983526749906
2023-02-28,1055.356689453125,1075.55458156191,1051.3126158801915,1070.6016220746749,21994038,-1.9131263099029794,1075.3387390136718,1110.86611328125,1083.5848427422618,1105.2234347459112,45.76246510313211
2023-03-01,1065.0579833984375,1065.7850199744744,1055.6746563210354,1065.1034156724895,11551145,0.9192431376295662,1075.4296142578125,1108.3405810546874,1081.8203799476119,1103.6483190067945,48.33170541697774
2023-03-02,1056.9471435546875,1068.57973034707,1054.925046511839,1061.9228195758385,9333535,-0.7615397443310634,1075.4091735839843,1105.9918090820313,1079.451500291143,1101.8169003616138,48.53835354085401
2023-03-03,1083.9154052734375,1087.5733043694927,1063.9902277008234,1067.443561368033,14643807,2.5515241592925175,1076.6905700683594,1104.2432934570313,1079.8766340989805,1101.1148809463912,57.59202504401241
2023-03-06,1094.5029296875,1101.7278641326047,1090.5497203643376,1090.5497203643376,10171916,0.9767851220263468,1078.900079345703,1103.39357421875,1081.2696146312205,1100.8555887401603,54.056209911872
2023-03-08,1098.433349609375,1099.1831022898905,1083.7336057675889,1094.5027369272827,15782657,0.35910547292890005,1081.4322021484375,1102.4238916015624,1082.9042560577116,1100.7605989703256,47.80117167270844
2023-03-09,1072.032958984375,1098.2288726400263,1070.147279158801,1097.819982158377,16235128,-2.4034585834806,1081.5980529785156,1100.7385400390624,1081.8688944316796,1099.6340248532297,40.88097276267283
2023-03-10,1055.4248046875,1065.1034417835135,1051.9486346812796,1063.967514713159,13334091,-1.5492204934267395,1080.8403442382812,1098.7232934570313,1079.3504096941388,1097.9003299447697,35.82967777050625
2023-03-13,1038.0670166015625,1065.1035499544928,1033.7502288751575,1058.2876262665352,12771592,-1.6446257477411574,1079.6555114746093,1096.3713427734374,1075.4186579710363,1095.5539254999383,34.78920921289968
2023-03-14,1034.181884765625,1047.359288248378,1031.0465769110588,1036.0221323528851,16027522,-0.3742659937945758,1078.5785888671876,1093.9062475585938,1071.4913462371876,1093.147178804475,30.984675334407427
2023-03-15,1016.5057373046876,1044.3374508988734,1012.120801922126,1037.8851067638673,21728555,-1.7091913638521472,1075.373956298828,1090.8268041992187,1066.2546215769496,1090.141632078993,32.24874032297758
2023-03-16,1011.4393310546876,1024.207844384365,1000.6701985245504,1019.2095726723304,18363159,-0.49841393551145474,1070.6925415039063,1087.8173413085938,1061.0341177176865,1087.0552673329419,32.26893978894681
2023-03-17,1010.1670532226562,1023.2763079373278,1005.4413153341552,1020.0047033408912,34014213,-0.12578884298524162,1065.9906829833985,1085.1323181152343,1056.1896353848265,1084.0400432501856,29.191468417991402
2023-03-20,1000.238525390625,1008.7584596340856,990.5826039210764,1006.4864851819102,19524589,-0.9828599933404125,1060.5617889404298,1082.2896203613282,1050.8609582425215,1080.7537092164773,28.74454435090543
2023-03-21,1031.341796875,1033.2957451749278,1007.3951430408976,1008.2811925498517,21400360,3.1095854333573314,1057.2742279052734,1079.861326904297,1049.0019904932337,1078.8159871638702,43.63325915771187
2023-03-22,1034.4771728515625,1041.2249475152355,1031.47816188993,1038.294084967167,10920094,0.3040093968908142,1053.695852661133,1076.951378173828,1047.6186745273603,1077.0772101320151,41.60008691022093
2023-03-23,1021.390625,1031.4327203269945,1019.2322313496288,1030.569386905087,16249370,-1.265039789663902,1050.7172943115233,1074.128673095703,1045.1207650485642,1074.8934224797792,40.49322597595882
2023-03-24,1001.1699829101562,1022.3902814688944,998.7617116838696,1020.231887763167,12375945,-1.9797168286955547,1046.9867065429687,1071.1946411132812,1040.9349762734778,1072.002307202539,27.04813539304594
2023-03-27,1016.7330322265624,1024.2078438429432,999.7614322476102,1007.6224783212152,14054323,1.5544862093416212,1043.6662109375,1069.0676171875,1038.6300292213907,1069.8348846544616,29.00767609615677
2023-03-28,1021.4815063476562,1025.3438507677042,1016.483114644014,1020.118297683826,12576424,0.4670325415409238,1040.9432464599608,1067.0719104003906,1036.9968365667494,1067.9386737404693,29.319822759005973
2023-03-29,1015.4380493164062,1020.0274303318192,1004.7142894261992,1017.3918775634876,18804065,-0.5916364607381541,1038.947314453125,1065.1689013671876,1034.9436187333833,1065.8798257238393,32.921988057099895
2023-03-31,1059.2191162109375,1064.8536804760474,1024.5260415402947,1024.6623383806666,28171201,4.311544847468007,1038.65537109375,1063.826162109375,1037.255570874103,1065.6186214292159,50.98365418208884
2023-04-03,1059.4007568359375,1067.3754434349298,1051.9259454677697,1065.5579119993613,10293043,0.017148541054456956,1038.7780517578126,1062.5243188476563,1039.3646362038014,1065.3747836020284,56.07134594019603
2023-04-05,1056.856201171875,1066.9210129823457,1048.995215362799,1066.9210129823457,16262928,-0.24018820523238338,1037.4250915527343,1061.1956689453125,1041.0304995340941,1065.040721545944,56.502474642701365
2023-04-06,1063.94482421875,1069.647537063385,1053.357419977002,1053.357419977002,18435046,0.6707272984739943,1035.8971862792969,1060.2759741210937,1043.212816170728,1064.9977451801717,64.4839864813492
2023-04-10,1056.40185546875,1068.0117263349805,1054.9023498118622,1067.8299972108043,12961408,-0.7089623990171434,1033.7956115722657,1059.31765625,1044.468915151492,1064.6606514659984,63.52333824334977
2023-04-11,1061.6273193359375,1063.7402807994256,1056.0383079017138,1060.559540630498,10542367,0.49464735792885683,1033.2753295898438,1058.5942578125,1046.103048883344,1064.5416972648195,65.11814974109299
2023-04-12,1066.3074951171875,1075.9178623263667,1058.764536534493,1061.6271300614385,18179087,0.44084922232197066,1033.8194641113282,1058.2680004882814,1048.0272818579956,1064.6109442394222,70.02753783214133
2023-04-13,1070.3289794921875,1075.0092249147228,1064.194660902681,1069.1929322468409,12378208,0.3771411523800783,1035.4325622558595,1058.4329443359375,1050.151253061252,1064.8351809160013,64.13977428283533
2023-04-17,1075.759033203125,1101.8867990924884,1067.3981721567704,1101.8867990924884,17929479,0.5073256741598975,1037.5114196777345,1058.502919921875,1052.5900892652398,1065.2635672802023,64.72687985117264
2023-04-18,1063.4449462890625,1080.0985197030036,1056.9243329412964,1080.0985197030036,10405576,-1.1446882186428642,1039.858380126953,1058.3802319335937,1053.6238851722705,1065.1922488099615,65.0855893253743
2023-04-19,1068.738525390625,1071.419389949788,1059.741493449773,1062.854084774079,12273475,0.4977765064411388,1042.72333984375,1058.4901928710938,1055.0633747168756,1065.3313184797914,77.14497008774816
2023-04-20,1066.034912109375,1071.9193532094926,1059.6961482625013,1069.692811176778,7007330,-0.25297237977472964,1045.5167327880858,1058.6637719726561,1056.1082830399707,1065.358910386834,72.0888056607757
2023-04-21,1067.3753662109375,1072.828080314349,1061.6499382780762,1068.1251189073266,7647317,0.12574204524973265,1048.8735748291015,1058.8455297851563,1057.1813385800629,1065.4379870858183,71.2096039444772
2023-04-24,1071.465087890625,1081.8706418346944,1066.9210188410907,1079.1897769115358,12936186,0.3831568358379389,1050.8797393798827,1059.2685766601562,1058.5416956572592,1065.6743439801246,76.36877044918549
2023-04-25,1079.6668701171875,1081.7343994033272,1068.0571198634168,1075.1002048906516,9236126,0.7654735855844974,1053.139224243164,1059.9060961914063,1060.5536170343953,1066.2230704953035,64.46948337341405
2023-04-26,1073.328125,1084.2336751201349,1069.6702254865136,1081.0073822687018,8617834,-0.5871019378875131,1055.736099243164,1059.99833984375,1061.7702368406433,1066.5017000837229,59.06549006707762
2023-04-27,1080.1212158203125,1083.2792397187284,1074.191342363561,1079.189733985385,9167125,0.632899731413672,1059.683660888672,1060.1891845703126,1063.5179491244214,1067.0357987400598,64.34980988593156
2023-04-28,1099.864501953125,1101.4095596588436,1082.2567334760838,1082.370314147566,15565210,1.8278768941519363,1063.840234375,1060.951201171875,1066.979525584298,1068.3231988660625,69.16359922994964
2023-05-02,1109.20263671875,1111.361030519598,1103.3181951274971,1106.9988106394346,12981805,0.8490259253792098,1068.2262908935547,1062.0208471679687,1071.0007742637697,1069.9263140759717,77.64043105739934
2023-05-03,1099.682861328125,1110.997299985596,1096.4794053699195,1110.997299985596,7061872,-0.8582539452652638,1072.4385314941405,1062.4025366210938,1073.7324016032321,1071.0932374976248,69.06437776638981
2023-05-04,1112.360595703125,1114.564421653396,1097.1838117593734,1100.1601065895743,8635233,1.1528536836237224,1075.09560546875,1062.5483959960939,1077.4112772317933,1072.7115652703894,71.35933818192524
2023-05-05,1109.5206298828125,1118.4267984938415,1106.9079133744922,1109.1798878043744,8746585,-0.25530981871192404,1077.6015991210938,1062.6547241210938,1080.4693108176048,1074.1550580002884,68.37843345575776
2023-05-08,1123.220703125,1128.5598368262858,1110.6112034431017,1113.269352129285,9153782,1.2347740883046576,1080.91982421875,1062.9428100585938,1084.5408719897378,1076.0792009463555,70.6545390411512
2023-05-09,1126.69677734375,1129.9912183396398,1119.290114376559,1124.6292481933926,6464721,0.30947383796247063,1084.057421875,1063.5348852539062,1088.5557201186912,1078.064203942332,79.82000688296995
2023-05-10,1134.4443359375,1135.9211253467272,1127.446563252221,1131.445324841298,10872255,0.6876347522725146,1087.9595458984375,1064.1028784179687,1092.9260644823873,1080.27518951077,80.27638219220307
2023-05-11,1127.03759765625,1140.3058651251242,1125.3335267806174,1135.51203899488,10557860,-0.6528956993847701,1091.2300598144532,1065.02439453125,1096.174781927517,1082.1090094380436,76.94152302785511
2023-05-12,1128.8779296875,1130.2638545526538,1116.2229969798393,1122.2664514997994,6955341,0.1632893201679364,1094.3585815429688,1066.086318359375,1099.2893674284676,1083.9430847419437,77.04288718537214
2023-05-15,1131.1043701171875,1138.056589765274,1123.7885720856236,1131.3998000896129,6833343,0.19722596847153717,1097.3973510742187,1067.045546875,1102.319367684536,1085.7925469135218,76.66044945120069
2023-05-16,1114.99609375,1135.8073202110538,1113.337455190809,1133.2627523170945,8717229,-1.4241193644684236,1099.3592041015625,1067.8266528320312,1103.526674928866,1086.9377840443642,64.75047474983258
2023-05-17,1108.4073486328125,1120.0852459817609,1103.7271032383842,1119.1764803056624,8798967,-0.5909209148014072,1101.60732421875,1068.887666015625,1103.9915009959084,1087.779727753715,64.61558492550537
2023-05-18,1106.0218505859375,1116.4502407386783,1102.8864225456616,1113.0649351771951,10525531,-0.2152185340360102,1103.4714904785155,1069.706943359375,1104.1848676235302,1088.4951051196845,61.20282919246788
2023-05-19,1109.611328125,1111.428979511196,1099.1147910054287,1106.021698005306,8050447,0.32453947787387527,1105.6503112792968,1070.7602270507812,1104.701673385575,1089.3231922963637,54.90062014209749
2023-05-22,1115.5413818359375,1120.5397737195674,1105.2494084549478,1106.4534840047638,7434906,0.5344262049809867,1108.058612060547,1071.3927465820314,1105.734026571324,1090.3513565920332,53.30016663849108
2023-05-23,1115.3369140625,1121.4485168171575,1113.9282731003457,1118.1087637100431,6092034,-0.018329017351292887,1110.2522033691407,1071.8094262695313,1106.6485872847693,1091.3311823751887,59.025480629822844
2023-05-24,1108.839111328125,1119.6310808484725,1105.7492354797112,1111.4065159491756,8112254,-0.5825865397664831,1111.7108154296875,1072.0175415039062,1106.8572086222316,1092.0177678243235,47.81386974155647
2023-05-25,1108.7027587890625,1112.8151011277312,1097.84276158454,1105.9537453747698,11487863,-0.012296873159456378,1113.4795471191405,1072.7509375,1107.032975304787,1092.6720811954897,49.474631771761224
2023-05-26,1138.94287109375,1140.0787982471202,1113.6102893364032,1116.904610291511,12626260,2.7275220580957216,1116.4206298828126,1074.421298828125,1110.072012998974,1094.4866219758135,58.32936684498619
2023-05-29,1145.3497314453125,1149.6210865747194,1139.2608448772517,1145.5314605509366,10010304,0.5625269286254841,1118.694891357422,1076.566953125,1113.4317957081491,1096.4812537197154,59.584421058441734
2023-05-30,1145.054443359375,1153.1199946776444,1142.509755067562,1145.349753161613,11342504,-0.0257814777295029,1120.487481689453,1078.784404296875,1116.4434764368373,1098.3860846859766,55.90392118504994
2023-05-31,1122.311767578125,1140.4649655887667,1118.267694287889,1135.9891655098563,27107927,-1.9861654538038565,1121.6189270019531,1080.9005249023437,1117.002361307436,1099.3243467601785,47.75372039696612
2023-06-01,1119.2901611328125,1129.1279320638168,1116.9046059479208,1126.969538270473,14592692,-0.26923057679711926,1121.9654052734375,1083.0575415039064,1117.220247005091,1100.1073198728307,45.493353897635224
2023-06-02,1115.63232421875,1128.196393125224,1113.723928040502,1122.811826505655,15800644,-0.32679970226491273,1122.2709899902343,1085.1668469238282,1117.0690162635349,1100.7161435726705,42.824062803250676
2023-06-05,1125.6517333984375,1128.6053121788443,1117.1090229973545,1121.085068396339,10908682,0.8980924057308881,1122.3925415039062,1087.6751110839843,1117.8864178954304,1101.6940098403475,55.23792722310831
2023-06-06,1126.6058349609375,1130.40003073524,1118.7221336360576,1128.4689187387337,7493309,0.08475992477881,1122.3879943847655,1089.5803918457032,1118.716838568336,1102.670944158802,59.470334137974845
2023-06-07,1135.1485595703125,1135.989176828128,1123.5386905370435,1130.0820196952836,10312545,0.7582709359632567,1122.4232055664063,1091.5938195800782,1120.2817643780481,1103.944576135724,64.24445399622705
2023-06-08,1135.8302001953125,1143.6458744813403,1131.8997070078417,1138.7156307485393,12071109,0.06004858300292515,1122.8628356933593,1093.8826110839843,1121.762567789216,1105.1949927655119,63.19773779400506
2023-06-09,1127.787353515625,1139.874261684162,1125.9924180855612,1139.1699412328312,5877018,-0.7081029081903667,1122.8083068847657,1096.4149584960937,1122.3363569060168,1106.0809676968888,56.03584480407978
2023-06-12,1128.7869873046875,1131.0816777652867,1120.0852643496842,1124.8564945620458,6391969,0.0886367262362242,1122.6924377441405,1098.6560375976562,1122.9507026582712,1106.971399838371,56.577767536156436
2023-06-13,1145.4632568359375,1146.6447363478687,1129.741165943139,1133.7172110839526,11248016,1.4773619574645735,1124.2157958984376,1101.1356726074218,1125.0947554370966,1108.480884426511,66.28936404020749
2023-06-14,1159.549560546875,1160.9809175855808,1143.7138887627082,1145.5314201372407,13277380,1.2297473207344423,1126.7729064941407,1104.0179028320313,1128.3761654475518,1110.4835776077016,70.11865328569041
2023-06-15,1159.86767578125,1164.4116242878065,1152.120151030348,1159.5268135380984,11813494,0.027434380141966308,1129.4651977539063,1106.0308740234375,1131.375356907904,1112.4202089086252,60.84801539084649
2023-06-16,1171.159423828125,1173.431398130272,1163.3437504987226,1163.3437504987226,24171579,0.9735376097337323,1132.5426025390625,1108.2660473632814,1135.1643156622108,1114.7237075329194,62.73543935226847
2023-06-19,1159.5269775390625,1174.1585755296503,1155.369322961202,1174.1585755296503,6798554,-0.9932419150110228,1134.7418823242188,1110.319462890625,1137.484569174292,1116.4806985135524,56.422682836188784
2023-06-20,1161.9351806640625,1165.070488566,1151.893084884151,1157.5957972211602,6921096,0.20768840843281566,1137.071795654297,1112.2792700195312,1139.8131988399844,1118.2632272253372,71.45682590088988
2023-06-21,1165.206787109375,1167.7286388194625,1157.8001247424693,1161.889630244124,6961603,0.28156531446468236,1139.8901794433593,1114.4553686523439,1142.2316358180217,1120.1041511423584,74.7975776562123
2023-06-22,1152.1201171875,1169.2962804989263,1150.5297472760417,1161.4352954861522,7619166,-1.1231199531836045,1142.0610473632812,1116.265224609375,1143.1733959484484,1121.35967922256,67.88411832280298
2023-06-23,1142.691650390625,1151.1660925456156,1141.4420223330224,1149.1212794125972,6628570,-0.8183579694703513,1142.248486328125,1117.7929077148438,1143.127515419132,1122.1962271115037,58.40060468995798
2023-06-26,1133.9671630859375,1142.9869124040958,1130.8545713330911,1139.1700001634836,12641159,-0.76350319893429,1141.6793579101563,1119.0656713867188,1142.2551009112085,1122.6578324438344,53.370844298564336
2023-06-27,1134.376220703125,1140.305974461151,1129.92313620631,1134.4216529822015,9689466,0.03607314484084245,1141.1454467773438,1120.2380151367188,1141.5047313675816,1123.1173770814535,49.61787155604248
2023-06-28,1149.3939208984375,1153.1881169201986,1135.0122016455275,1141.896393407388,11354006,1.3238729727606646,1142.4995544433593,1121.9569946289062,1142.2560827514726,1124.1478297801589,55.87715697807266
2023-06-30,1158.8226318359375,1161.7307784588777,1151.1888070463274,1157.0732487107562,11151555,0.8203202371324547,1144.4761779785156,1123.7586767578125,1143.8338493309454,1125.507625939209,63.28799141175991
2023-07-03,1188.5628662109375,1191.425580555085,1161.1400387375704,1162.3669506539804,12154387,2.5664181521793505,1148.122705078125,1126.2092358398438,1148.0937557004686,1127.980380459669,70.53871319520175
2023-07-04,1176.31689453125,1192.7887391966194,1169.2736896643748,1192.7887391966194,8061643,-1.0303175395952602,1150.6559631347657,1128.38806640625,1150.7816736843527,1129.8759300311035,60.934048677677154
2023-07-05,1174.3857421875,1185.5184537103505,1170.4325328520283,1185.5184537103505,10248062,-0.16416939625095717,1153.0449584960938,1130.4464794921876,1153.029680208462,1131.6214128607662,55.753376152208986
2023-07-06,1199.03662109375,1201.6266214253385,1170.546016490242,1170.546016490242,19117987,2.099044463902766,1156.2393615722656,1132.8338745117187,1157.4112936261083,1134.2651465169617,62.77798220085603
2023-07-07,1196.696533203125,1210.9418359205672,1194.1518448825288,1197.332705283274,13375267,-0.19516400495678266,1159.2826782226562,1135.3012426757812,1161.1527450143958,1136.7134361909289,58.84765621695874
2023-07-10,1242.7947998046875,1252.3144236363512,1215.508392547687,1221.8244401255106,33240016,3.852126693989333,1165.0330505371094,1138.5547143554688,1168.9281788039473,1140.8734896659785,73.28759547118692
2023-07-11,1256.2677001953125,1258.6759714064597,1243.9536302912918,1250.9058502676546,20069348,1.0840808468737029,1171.4070861816406,1141.6827783203125,1177.2462284602677,1145.3987528239916,74.84445930479289
2023-07-12,1257.653564453125,1273.2166423107678,1254.8817149747802,1256.9946762890331,18733835,0.11031599854052221,1177.0166015625,1144.651796875,1184.904069983397,1149.800902299644,74.59208246415703
2023-07-13,1246.4073486328125,1271.85351009776,1243.794632147719,1264.992154591986,14682934,-0.8942220765861486,1181.3594909667968,1147.5862866210937,1190.7615250928652,1153.5893903911408,75.32968888859739
2023-07-14,1245.3621826171875,1254.5409440468316,1238.2735461254954,1249.5879849572364,15124144,-0.08385428862974775,1185.6342163085938,1150.246318359375,1195.9615877142294,1157.1883234196134,78.88276183209148
2023-07-17,1270.80859375,1279.146739590943,1239.591568020239,1248.2251438850676,22220040,2.043294030282472,1190.6166748046876,1153.4720776367187,1203.0898740033504,1161.644020295315,85.18523168477186
2023-07-18,1281.60009765625,1289.324785415803,1269.1268963755451,1280.0324439694932,25867313,0.849184051738705,1196.7203308105468,1156.6396655273438,1210.5670381607695,1166.3481801918222,85.93612378118038
2023-07-19,1291.3243408203125,1297.7540895736324,1270.944719940005,1285.9397747939042,39122156,0.7587579918139742,1203.1897888183594,1159.932216796875,1218.2582098426305,1171.2492060988218,85.56304727367936
2023-07-20,1289.760498046875,1295.224991076979,1270.1421687973038,1270.1421687973038,38717624,-0.12110379429881579,1209.4174743652343,1163.0385400390626,1225.067951576368,1175.8967077438435,84.15484010660622
2023-07-21,1249.834716796875,1287.3235564344566,1242.3763715855305,1284.4190157057792,30249238,-3.0955965321050605,1214.303204345703,1165.494482421875,1227.4266911211782,1178.7962375106292,65.1761952706196
2023-07-24,1224.5548095703125,1238.117785416934,1215.644194653028,1221.4041174807796,23727866,-2.022660027507539,1218.3963623046875,1167.4080200195312,1227.1531785925245,1180.5906913168915,61.2232239066754
2023-07-25,1223.7672119140625,1233.317845084984,1220.9118295647436,1227.8040737638994,12026020,-0.0643170603793819,1222.8863647460937,1169.2612768554689,1226.830705575528,1182.283888203055,61.55075263646907
2023-07-26,1243.6561279296875,1253.896056948107,1223.3732632571832,1223.3732632571832,12911012,1.6252205339377657,1228.350360107422,1171.8344775390624,1228.4331267521147,1184.6906427021388,60.6746915047652
2023-07-27,1232.0870361328125,1249.2930067215675,1226.007164509522,1247.520787544234,17226898,-0.9302484454552618,1232.4850158691406,1174.3080712890626,1228.781118121705,1186.5493247974593,58.108692429679394
2023-07-28,1244.4686279296875,1251.853175548335,1231.0287272255082,1236.690213733138,20827852,1.0049283397816966,1236.767315673828,1177.0770068359375,1230.275166674846,1188.8206700183312,50.453589750036066
2023-07-31,1255.00390625,1257.2930680054526,1239.594792375287,1244.468666067682,8551174,0.8465684135275486,1240.0893676757812,1179.9848583984376,1232.6302847296226,1191.416091047024,49.6519843246721
2023-08-01,1237.25634765625,1259.803857697837,1233.36720054875,1257.8346449464532,9536632,-1.414143693526848,1243.1363403320313,1182.4191577148438,1233.0708621512063,1193.2137481689545,44.8474468814679
2023-08-02,1224.0380859375,1236.665614699006,1212.8381883521488,1235.2871417271826,12748214,-1.0683527099125012,1245.6189575195312,1184.5931811523437,1232.210597749901,1194.4225457285054,44.405030950346934
2023-08-03,1218.8934326171875,1231.201012494138,1210.1058926997707,1218.5981228148664,10168350,-0.4203017356581795,1246.611798095703,1186.794267578125,1230.94229630869,1195.3821883515911,43.5127087863495
2023-08-04,1235.45947265625,1238.6348041373592,1216.776590964359,1230.1672134573323,22885610,1.3591048729741928,1248.5499450683594,1189.3294018554689,1231.3725035798861,1196.953846559617,40.94189525154868
2023-08-07,1242.49951171875,1244.7393951840495,1233.2195480808575,1241.0963994857652,5982870,0.5698316471169917,1248.5351806640624,1191.4005346679687,1232.4322186407303,1198.7399510756616,39.78418422607012
2023-08-08,1235.0162353515625,1247.7176805176769,1230.5363488514104,1244.5423492739476,9844072,-0.6022760006429206,1247.472607421875,1193.1938647460938,1232.6783154703335,1200.1625504590304,35.11405941003041
2023-08-09,1243.1639404296875,1245.034716513302,1221.453442754676,1233.1456430382627,11486586,0.6597245319455824,1246.7481262207032,1195.1560546875,1233.6769464188433,1201.8488794774876,38.095855867543435
2023-08-10,1248.702392578125,1255.3731247892665,1234.9179033647526,1243.0409059369183,15470598,0.44551261248160223,1246.8628784179687,1197.6838671875,1235.1079412911558,1203.6862721481007,49.6490622744215
2023-08-11,1253.969970703125,1259.7300139419374,1236.837916549459,1246.733138146324,22179330,0.4218441604908252,1247.2932678222655,1200.3774633789062,1236.9043250446769,1205.6581818953566,60.40758045749144
2023-08-14,1268.788330078125,1271.274485095857,1243.065489745762,1249.9577340453427,9575812,1.181715648795878,1247.1922546386718,1203.4405834960937,1239.9408969526241,1208.1338739809555,64.49051980942966
2023-08-16,1267.7545166015625,1271.5207081344915,1255.8654425931288,1255.8654425931288,10203112,-0.08148037399577923,1246.4999755859376,1206.2826391601564,1242.589813109666,1210.4719383974498,58.827785429373776
2023-08-17,1249.465576171875,1269.2069834305885,1246.9302626576266,1263.7916479940673,13673744,-1.4426247503116163,1244.4070373535155,1208.739833984375,1243.2446476870193,1212.0011006631134,56.0674367045719
2023-08-18,1258.7208251953125,1268.960755625946,1234.9671961841154,1246.142454602955,18639978,0.7407366157132333,1242.8550537109375,1211.211279296875,1244.718569354476,1213.8332467231999,55.086974480166056
2023-08-21,1244.986328125,1262.5000997685252,1242.8371963360953,1254.8424457661688,9221746,-1.0911472024133229,1242.6126342773437,1213.3944018554687,1244.7440701897638,1215.0549361899373,46.504303169402256
2023-08-22,1244.68994140625,1253.8544488619668,1234.6115281978846,1243.4548358358238,7713044,-0.023806423577066305,1243.6193908691407,1215.7324536132812,1244.7389150675244,1216.2170932572437,52.95374777120483
2023-08-23,1246.0732421875,1256.2752862282496,1243.4795205761563,1247.061326610869,9517952,0.1111361741774175,1244.7346923828125,1218.0781787109374,1244.8659938408555,1217.3879226270576,59.66468709911616
2023-08-24,1225.1258544921875,1254.8177179260883,1220.7782590700383,1254.8177179260883,14140020,-1.6810719455414236,1243.8081787109375,1219.6714306640624,1242.985980569554,1217.6913709354942,52.400759876990215
2023-08-25,1219.4691162109375,1237.5757146480018,1206.747529523438,1213.3676467766436,22222400,-0.46172711648426734,1243.1772827148438,1220.8698217773438,1240.7462792020667,1217.761086436492,43.27524408061514
2023-08-28,1207.315673828125,1227.2008731617648,1201.0660879981488,1221.272366528133,12580826,-0.9966174806111505,1241.3196350097655,1221.8187817382814,1237.5624120235962,1217.3514624126346,35.81355515085889
2023-08-29,1195.755126953125,1212.107851949824,1189.7277154191993,1211.4162410930337,16876644,-0.9575413560518165,1238.357196044922,1222.3106958007813,1233.5807658264084,1216.5045472965753,34.67349566500293
2023-08-30,1194.6187744140625,1206.9451032694478,1193.1119215700844,1201.5106390304122,12168946,-0.09503221131553774,1236.2253173828126,1223.0125317382813,1229.8700999776136,1215.6462816933395,29.951785314585194
2023-08-31,1189.1595458984375,1198.0523052778192,1185.6517981191516,1197.0642209023324,21638600,-0.4569849924133895,1234.4813903808595,1223.5570190429687,1225.9929043510253,1214.607586171971,25.39385470633043
2023-09-01,1191.950927734375,1198.3734766692594,1186.5164632510111,1188.9373425267036,18112842,0.23473568753371588,1233.1342651367188,1224.0919018554687,1222.7508113399158,1213.7190897626533,23.835077455504276
2023-09-04,1190.987548828125,1197.3853714174263,1188.3197691016735,1191.950907028467,9347626,-0.08082370539206352,1230.9106689453124,1224.8692504882813,1219.7257387197453,1212.8276567848288,12.831883178987141
2023-09-05,1197.36083984375,1202.4741047382813,1191.852196412095,1195.5822395056102,8675876,0.5351265864950383,1228.6537353515625,1225.9626342773438,1217.595748350603,1212.2211149440022,18.002909709128957
2023-09-06,1199.8802490234375,1203.5608392350891,1194.2234900414203,1196.1256007292052,8200370,0.21041352747233066,1226.8969360351562,1227.2808959960937,1215.908557938492,1211.7371594177055,23.689368432916154
2023-09-07,1201.5106201171875,1204.5983838407617,1191.1357340059783,1196.421961377583,13652572,0.1358778173969455,1224.8142700195312,1228.623583984375,1214.5373257650347,1211.3361186608224,16.97088265390981
2023-09-08,1209.51416015625,1213.3677136631895,1197.039593881822,1205.463038004146,23109288,0.6661231207662377,1222.8548583984375,1229.8259887695312,1214.0589290403886,1211.264669307702,28.069690849868536
2023-09-11,1222.556884765625,1223.668479723262,1211.391482722607,1211.391482722607,13271074,1.0783441020392859,1221.2842041015624,1231.100673828125,1214.868258157078,1211.707501286444,38.17944986856928
2023-09-12,1204.8948974609375,1226.7068128830886,1203.462102676104,1226.7068128830886,16255666,-1.4446761148519838,1218.089532470703,1231.427314453125,1213.918414281255,1211.4403403521105,31.26550179440386
2023-09-13,1210.9222412109375,1216.653058753229,1198.6699696902265,1205.4630504045967,12803338,0.500238133857267,1215.2479187011718,1232.1194213867188,1213.6330644650343,1211.4200227387314,42.52281916630038
2023-09-14,1212.033935546875,1218.2094639750317,1207.9333605474212,1215.343994661209,9209636,0.09180559230836938,1213.3763366699218,1232.8723852539063,1213.4807664728287,1211.4440977508154,45.8891988969293
2023-09-15,1214.28173828125,1219.296218648912,1210.156437431325,1219.296218648912,25468592,0.18545707908423914,1211.1543823242187,1233.1772875976562,1213.557049502202,1211.5553777716168,54.32518713221585
2023-09-18,1203.7091064453125,1210.897444652389,1201.5353689892672,1205.4877066299114,7516300,-0.8706901786155852,1209.0905212402345,1233.3175390625,1212.6191501634507,1211.2476808568597,54.99991559251751
2023-09-20,1176.8826904296875,1199.3370070481767,1163.4694916701224,1197.089090701199,57081884,-2.2286460966342903,1205.7001586914062,1231.999296875,1209.2156778078543,1209.9000341734413,41.57280170383758
2023-09-21,1168.31103515625,1180.8103271156433,1165.9396084396587,1173.3255153106452,12226182,-0.7283355718578854,1201.8120483398438,1230.2401635742187,1205.3199975553207,1208.2690930355125,40.37852472702976
2023-09-22,1163.4447021484375,1177.0308632017377,1160.9992172819989,1173.8443150051187,19176786,-0.41652717995269706,1198.7279907226562,1228.355986328125,1201.3318741832366,1206.511273785039,37.09174406251071
2023-09-25,1156.2811279296875,1166.2854832156668,1153.638074334712,1161.1968240581607,14254884,-0.6157210742823938,1195.5685913085938,1226.5534619140626,1197.041326920994,1204.5414641436528,35.11971118166184
2023-09-26,1157.2939453125,1161.0980464311394,1153.8851021083722,1155.342502590839,10087782,0.08759265877027467,1193.0675048828125,1224.7920971679687,1193.2558620058994,1202.6886202679214,31.993750466301236
2023-09-27,1170.336669921875,1171.769464855697,1155.3178333556975,1157.7880446735417,11722778,1.1270018876538002,1191.79658203125,1222.7826586914061,1191.073081807421,1201.4199163327823,37.87026317240273
2023-09-28,1153.1439208984375,1177.3025356797164,1148.648088734931,1177.3025356797164,14518346,-1.4690430083323935,1189.7228393554688,1220.21353515625,1187.4607807684702,1199.5267400412395,32.39213169771811
2023-09-29,1158.5289306640625,1170.4353956391562,1153.1439190620806,1156.9480197858836,12342014,0.4669850543399079,1188.19130859375,1217.557626953125,1184.7053664728123,1197.918982810762,31.07810207933342
2023-10-03,1145.2637939453125,1153.8849261975774,1144.201651539282,1151.0935156022144,8859056,-1.1449983136067599,1185.856951904297,1214.6676928710938,1180.949026232098,1195.8540734434894,21.3618720335633
2023-10-04,1143.287841796875,1145.683994991749,1133.8764332853668,1140.743572417399,10286386,-0.17253249067016307,1183.4719665527343,1212.5367553710937,1177.362246762077,1193.7926525946025,24.171514023130158
2023-10-05,1143.26318359375,1150.8219332922222,1140.743519950406,1145.8074528562056,10953682,-0.0021567799659449882,1180.7670837402343,1210.9109228515624,1174.1147169365217,1191.8111047906475,20.1308660417603
2023-10-06,1145.18994140625,1148.5494528467332,1142.2504141267464,1144.7206253894865,5431026,0.16853143179538232,1178.032568359375,1209.3393774414062,1171.3599764098292,1189.9828238736122,20.70153323288703
2023-10-09,1135.4326171875,1142.200971985465,1133.8269798521974,1140.2989816654238,7576878,-0.8520267132951176,1174.7286682128906,1207.1749072265625,1167.9383231505599,1187.843600082,17.574150564148695
2023-10-10,1140.447021484375,1145.1404226117538,1138.1497733893898,1139.5331157395624,10236032,0.4416294037153712,1171.2753112792968,1205.3421069335936,1165.3201039442565,1185.9849107252303,22.737855885598975
2023-10-11,1158.5535888671875,1160.850836659799,1142.7195135510772,1143.4358505583396,9814118,1.587672819667274,1168.075146484375,1203.6238061523438,1164.6756739369166,1184.9091726131503,41.45939698400998
2023-10-12,1160.70263671875,1165.618452848462,1155.1446622546923,1157.9607991424273,12554450,0.18549403948278087,1165.8655334472655,1201.7377807617188,1164.2972894399484,1183.9598966957228,46.22909996442547
2023-10-13,1160.6534423828125,1164.7045645712087,1150.6984190160554,1156.058825491677,10150316,-0.004238323786065479,1163.3520935058593,1200.20572265625,1163.9502563868878,1183.0459180952164,48.54721641938976
2023-10-16,1158.0596923828125,1163.2471357038708,1154.0826283801794,1158.5290083696575,5929036,-0.2234732526769645,1160.6533813476562,1198.8861547851564,1163.3892502912618,1182.0660661064946,50.97193463689536
2023-10-17,1163.593017578125,1165.7914814830851,1156.7011522648252,1163.963549268257,7928180,0.47781001546882695,1158.1189453125,1197.780146484375,1163.4086566995345,1181.3416328308724,53.28019955045209
2023-10-18,1148.1541748046875,1169.3979912920374,1146.672048073012,1163.5929949263082,8918320,-1.3268249757609873,1155.3411987304687,1196.0340405273437,1161.955848900025,1180.0401638886692,38.729863792596596
2023-10-19,1139.33544921875,1147.0672825471008,1136.7911799610206,1142.2256445327594,12032556,-0.7680785193711182,1153.4638366699219,1193.9707592773439,1159.801525120856,1178.4439005682802,42.33192380120852
2023-10-20,1135.8524169921875,1143.559402581249,1134.4690747739153,1136.297006705027,8913312,-0.30570735150484696,1151.8409057617187,1191.9874829101564,1157.5206576800306,1176.7736463103943,37.13560364313257
2023-10-23,1118.1162109375,1139.3847504014805,1114.1885998234964,1131.3565651682993,7853962,-1.5614886044486465,1149.574481201172,1189.4865283203126,1153.767853228361,1174.4733547271435,35.342710603010914
2023-10-25,1115.5225830078125,1127.0090643806484,1108.1366760976812,1111.6196977984057,11620688,-0.2319640753185026,1147.536553955078,1186.8229321289064,1150.1254465406896,1172.161559757758,35.108543504477524
2023-10-26,1099.9849853515625,1115.5473150342816,1096.9219477593886,1112.089019549233,15222534,-1.3928537075740377,1144.6711059570312,1183.743232421875,1145.3501645226775,1169.3311058594757,30.099855745213503
2023-10-27,1119.4007568359375,1123.2048573671625,1104.6535500268835,1106.654444909806,11771084,1.7650942279152648,1142.1243103027343,1180.7554809570313,1142.8787923620355,1167.3730529565917,39.78463427960795
2023-10-30,1142.47265625,1148.6481841216216,1121.4511352518443,1123.4520304054054,16813304,2.0610937837202137,1141.5907470703125,1178.24984375,1142.8401127323177,1166.396566811235,52.52255215513922
2023-10-31,1130.3192138671875,1150.1303563093795,1127.8490026208185,1150.1303563093795,12808438,-1.0637840928906295,1140.1802612304687,1175.8669165039062,1141.6476461737338,1164.9817686565666,46.54767641108478
2023-11-01,1135.0126953125,1144.942993469817,1124.0449807279865,1130.9368464684328,10309190,0.41523504048512905,1139.667706298828,1173.39275390625,1141.0157460917117,1163.806510878368,41.167833468134546
2023-11-02,1146.2767333984375,1148.302354744411,1140.2247162104195,1143.1889695269997,10562104,0.9924151626194977,1139.8171508789062,1171.4185620117187,1141.5167925018761,1163.1190686242533,44.934117854837226
2023-11-03,1146.0296630859375,1153.5638066087804,1144.078220526126,1149.7349795725816,8850156,-0.021554159244552284,1139.9554748535156,1169.4453564453124,1141.9465897003583,1162.4488958580448,44.871757552511845
2023-11-06,1155.564697265625,1156.0587394619763,1148.9445800808262,1152.2546386732256,10647304,0.8320058796743801,1140.4742126464844,1167.635185546875,1143.2435523256217,1162.178927285793,49.165676777819954
2023-11-07,1148.055419921875,1155.6142905704305,1145.9557403314866,1153.1193530516352,6960204,-0.6498361676779307,1141.1053527832032,1166.0937768554688,1143.701825430027,1161.625064251914,44.87201387187851
2023-11-08,1154.033203125,1156.552866758098,1147.042553778562,1152.1064866637696,7884494,0.5206876862731802,1141.7846618652343,1164.78505859375,1144.6857661628815,1161.3273442077211,52.06954133281539
2023-11-09,1141.50927734375,1154.0331752710283,1138.3720609954937,1154.0085696526105,14513610,-1.0852309749265876,1140.9324462890625,1163.4689306640626,1144.3832434182023,1160.5501651150164,50.745778611632275
2023-11-10,1143.6583251953125,1144.3747829309668,1135.3337858785344,1139.039102652828,7734954,0.1882637219176475,1140.0802307128906,1162.4269946289062,1144.314203587451,1159.887740020126,52.70272326440077
2023-11-13,1143.5101318359375,1148.4505538682092,1142.077337077115,1147.610585630105,3854810,-0.01295783505529391,1139.2230651855468,1161.4048217773438,1144.2376253254022,1159.2454808756484,60.011781567429736
2023-11-15,1164.1856689453125,1166.902900930662,1149.6361508923676,1156.0586992213753,12220648,1.8080764248393555,1139.529364013672,1160.9053442382813,1146.137439003489,1159.4392137411253,66.79171180703565
2023-11-16,1166.285400390625,1172.9302438744137,1159.492320123304,1161.542667627995,13134910,0.18036053022494336,1139.6639831542968,1160.3920336914061,1148.0562924689305,1159.7076916489489,75.216141807225
2023-11-17,1163.7412109375,1172.4857343750468,1162.012063114762,1162.4319266451018,7758634,-0.21814467130196746,1140.4433349609376,1159.8471069335938,1149.5500942278418,1159.8658688759508,69.34698847288342
2023-11-20,1160.6781005859375,1165.1490860409533,1154.2801575494675,1160.2828426994563,4490186,-0.2632123295775446,1141.5104675292969,1159.1134521484375,1150.6099043571842,1159.897721099872,59.62396961401905
2023-11-21,1175.2769775390625,1179.7728099438689,1166.0384122376151,1168.9038812090423,8214450,1.257788610447208,1143.4816955566407,1158.62138671875,1152.959149422125,1160.5008291955264,73.16710783228326
2023-11-22,1179.87158203125,1182.9593458443585,1171.9669066696931,1173.3502489811203,8534814,0.39093801546323803,1146.5694641113282,1158.1886059570313,1155.5222382420416,1161.2604665616332,73.1397360884776
2023-11-23,1183.4781494140625,1185.7013394254852,1179.8716170501546,1179.8716170501546,8531542,0.3056745698208463,1149.9672424316407,1157.6678857421875,1158.1847059727102,1162.1317482421207,70.83577183300426
2023-11-24,1182.6876220703125,1186.9858858764198,1181.2796741129466,1181.5514214570694,6749486,-0.06679695304399047,1154.1023742675782,1156.8705004882813,1160.5183170296248,1162.9378609412654,70.40716196233637
2023-11-28,1182.9346923828125,1185.5531403805655,1173.4738317237427,1182.6876712625676,13792174,0.02089058073233563,1157.279071044922,1156.4312963867187,1162.6532099204046,1163.7220504095615,66.99399262379697
2023-11-29,1186.047119140625,1191.605094048659,1184.7379555197092,1189.6536514263266,12531306,0.26311061615269526,1159.4577941894531,1155.9337939453126,1164.8812012747112,1164.5975433009758,74.95133644395273
2023-11-30,1174.560791015625,1186.0472739919132,1170.830747689414,1183.083020320613,28439984,-0.9684546203630351,1161.669873046875,1155.1843310546874,1165.8030669643222,1164.9882588976286,62.571995047817275
2023-12-01,1182.88525390625,1183.9226701483003,1174.6347733568996,1174.8323419889748,14342842,0.7087298464498293,1164.0635009765624,1154.5564013671874,1167.4299419111724,1165.6901018391432,76.71462844856667
2023-12-04,1195.6810302734375,1210.4035134582498,1185.0097900344597,1210.4035134582498,15590990,1.0817428254289219,1166.5337158203124,1154.39583984375,1170.1205217551976,1166.866216679704,79.52902667915723
2023-12-05,1204.3514404296875,1205.8830195816831,1196.3973123183705,1204.9689932142376,12693624,0.7251440757797489,1169.4498046875,1154.94521484375,1173.3806092480063,1168.3362254542133,81.48822505199476
2023-12-06,1215.887451171875,1221.7417795681863,1202.992899973077,1208.9708595498532,16422442,0.9578608332192262,1172.4659423828125,1155.8967431640624,1177.4288799074225,1170.2009794039257,79.55397701502326
2023-12-07,1213.886474609375,1215.813191043024,1206.4511149904754,1215.3438750518303,8142096,-0.16456922559496823,1175.7574951171875,1156.9055786132812,1180.9010317837988,1171.914136078649,77.24066917593672
2023-12-08,1213.244140625,1223.5943006598802,1207.9331869400896,1217.2459307176134,10204894,-0.05291549068306978,1178.7180419921874,1158.0448388671875,1183.9813278639133,1173.534920570663,78.95941819511373
2023-12-11,1215.0228271484375,1219.0986756148789,1211.589137099235,1213.3677374036308,7066138,0.14660582020378232,1182.3937194824218,1159.1994165039061,1186.9376611291061,1175.161897299203,82.27694288647476
2023-12-12,1197.5830078125,1217.7892853568703,1195.6561708810905,1215.3438006129377,9197124,-1.4353491100136284,1185.0899536132813,1159.7443432617188,1187.9515036703817,1176.0411565350187,62.815727497029805
2023-12-13,1202.473876953125,1204.6477348008102,1188.813659637376,1196.570097334269,10031182,0.4083950013251014,1188.0381408691405,1160.7309423828126,1189.3345868401668,1177.077733806317,62.941885302735464
2023-12-14,1217.39404296875,1222.7297228698085,1206.7721356331074,1212.379562868232,16972354,1.24078920146109,1190.6985595703125,1161.9082446289062,1192.00691599527,1178.6587655381772,67.19247548033786
2023-12-15,1232.9317626953125,1235.1055001292314,1220.308960360837,1224.236571728094,15932152,1.2763098206618473,1194.0308776855468,1163.6616040039062,1195.904520442893,1180.787118367869,72.15681165848795
2023-12-18,1245.4803466796875,1252.3474847954778,1230.634354917611,1232.9317234441762,14165188,1.0177841437828183,1198.1178344726563,1165.7054541015625,1200.62602770354,1183.3241077134305,74.88199392390113
2023-12-19,1263.8094482421875,1271.615218807123,1247.5553868731267,1262.2778691174958,16820604,1.4716492003557846,1203.2744018554688,1168.1163793945314,1206.6434963262684,1186.4803955773034,77.59462098325945
2023-12-20,1248.518798828125,1283.9417239360823,1244.9864450577063,1270.207325538083,17736722,-1.2098856702907224,1206.9364929199219,1170.1829565429687,1210.6316203740641,1188.913274136159,75.5546519906734
2023-12-21,1266.0079345703125,1271.4176728398502,1244.121839762562,1248.44470925444,13765454,1.4007907416855092,1211.243310546875,1172.794462890625,1215.9055550594212,1191.9365941531846,77.01064255992638
2023-12-22,1267.242919921875,1275.07341611771,1258.6465136069178,1264.5504141598008,16541784,0.09754957436201028,1215.4315490722656,1175.330380859375,1220.7948279034642,1194.8897833990156,75.14305639308319
2023-12-26,1273.66552734375,1280.5326657287192,1266.0819312708138,1268.7003790735205,7465664,0.5068173844893886,1219.9804443359376,1177.6326196289062,1225.830132612063,1197.9790282595934,74.74413557785748
2023-12-27,1278.01318359375,1284.460338165659,1271.2201029702012,1275.6170305456778,9204156,0.3413499193204217,1224.7343688964843,1179.9788305664063,1230.7999469912713,1201.117622586423,73.37781052422696
2023-12-28,1287.2518310546875,1290.4383794995902,1278.0132649417642,1279.470665481518,12302636,0.7228914051542468,1229.7946044921875,1182.5107983398439,1236.1763169020728,1204.4954346832178,76.1811622170974
2023-12-29,1277.074462890625,1291.4264140714613,1274.2831724837226,1289.9937398232034,10864584,-0.7906275927161754,1234.9202880859375,1184.89109375,1240.071378424792,1207.3416710835083,71.32710661554776
2024-01-01,1279.69287109375,1287.8940202608817,1271.2447008145452,1274.9006856426909,4030540,0.2050317565037041,1239.7606689453125,1187.2130908203126,1243.8448539170738,1210.1789730446942,71.48710352788294
2024-01-02,1290.2900390625,1291.920402508132,1271.1706293129728,1277.099135940161,7448800,0.8281024461512132,1244.4911193847656,1190.0558081054687,1248.2682048833049,1213.320583476765,82.26992905728106
2024-01-03,1276.25927734375,1301.3071935056118,1273.2455715878027,1289.450180352941,9037536,-1.0874114574227378,1248.0865112304687,1192.7942846679687,1250.9340213081093,1215.7887675499803,74.14713030861347
2024-01-04,1282.854736328125,1289.376190399316,1274.1843914947026,1278.581319191514,9612778,0.5167804929185005,1251.4348754882812,1195.7343310546876,1253.9740894052538,1218.41880554128,72.65730495638844
2024-01-05,1288.3138427734375,1294.3165279752034,1283.521657474919,1285.9424160498672,8086406,0.4255436169599225,1255.1562438964843,1199.1382836914063,1257.2445421069856,1221.1597873935216,70.60657426433318
2024-01-08,1278.26025390625,1300.2944657165135,1269.1698042070248,1289.450262535967,7734652,-0.780367992130282,1258.407049560547,1202.393037109375,1259.2460384688202,1223.399021374413,62.42749206543138
2024-01-09,1274.8759765625,1287.8693113555237,1273.245613077726,1284.5098000629723,5403074,-0.26475651835438097,1261.39970703125,1205.8908569335938,1260.7346040015516,1225.417725499436,54.731719436183354
2024-01-10,1309.261474609375,1313.6584025883456,1272.183577934786,1273.1469362430112,11102740,2.6971641696151405,1266.9836303710938,1209.6880712890625,1265.3562107261064,1228.7057156606102,72.32617489653589
2024-01-11,1343.696044921875,1346.265040325212,1312.6701695941608,1313.6582540274271,23725852,2.630075884786409,1274.0447387695312,1213.7125390625,1272.8171473161794,1233.2151403375226,75.39157349947695
2024-01-12,1354.39208984375,1356.961085397271,1329.7147038034357,1343.6961234746648,15012164,0.7960167005252261,1280.8946411132813,1218.1939965820313,1280.5861894616623,1237.967177573061,76.82484192744067
2024-01-15,1377.5130615234375,1379.810309335981,1349.72318984382,1358.6159487812977,8610594,1.7071106552575044,1288.1237060546875,1223.04400390625,1289.8173201342122,1243.439565178958,78.98509789705153
2024-01-16,1358.24560546875,1379.6623844587446,1354.1697570573224,1373.4126778584214,9069024,-1.3987131296874233,1293.7619689941407,1227.2833813476564,1296.3342996898825,1247.9417628373812,70.67213760289457
2024-01-17,1345.35107421875,1369.7568331827044,1338.8791932605309,1343.30084717423,12197382,-0.9493519580024645,1297.8390502929688,1231.2698095703124,1301.002563930727,1251.761735832729,64.69265899561827
2024-01-18,1351.6500244140625,1354.663730119792,1335.1490629645289,1335.2972997496222,10279438,0.4682012239050959,1302.9956115722657,1235.1915161132813,1305.8261315958066,1255.6789236202324,69.23668895800836
2024-01-19,1351.156005859375,1359.6041759840746,1342.8067406703178,1359.6041759840746,10422704,-0.036549294992371806,1307.2530151367187,1239.2535278320313,1310.1432624780514,1259.4231229237282,68.6381094524829
2024-01-23,1312.7442626953125,1355.4048574857818,1306.791150318716,1355.4048574857818,20055420,-2.842879948539434,1309.5280822753907,1242.4277490234374,1310.390976784457,1261.51414801281,55.114228757788325
2024-01-24,1327.8619384765625,1333.4199132911328,1308.1497027138623,1319.314984194113,21919128,1.1516085966515988,1312.2379028320313,1246.1548022460938,1312.054877897991,1264.1160221486434,61.69524293284508
2024-01-25,1336.952392578125,1347.895500834099,1319.2903820615336,1326.9480369708251,11808872,0.6845933178860397,1315.18486328125,1250.02068359375,1314.4260697722896,1266.97235040078,62.12359961219188
2024-01-29,1430.795654296875,1435.1925816017736,1343.9677382154596,1348.241154971167,23893438,7.01919247384617,1322.3620544433593,1255.7663940429688,1325.5088873460595,1273.396793690823,72.87078558997331
2024-01-30,1390.8524169921875,1442.5786154279806,1387.6905949006082,1442.5538891928095,14093978,-2.7916800826681687,1328.0509521484375,1260.2997290039064,1331.7320806456908,1278.0028965653862,66.49060808329521
2024-01-31,1409.6259765625,1417.160120483495,1385.788439238697,1387.2705659116798,15130226,1.3497880394033102,1334.547607421875,1265.1665405273438,1339.1505469234821,1283.1645859770376,68.88461122615028
2024-02-01,1409.650634765625,1426.1515960154993,1401.1531330404457,1417.9011153905622,13349362,0.0017492727528489738,1340.5156372070312,1270.0847290039062,1345.8648410036863,1288.1248231844334,65.56850088899255
2024-02-02,1440.3306884765625,1457.3258137867138,1416.0980132616144,1416.0980132616144,19652588,2.1764296027886765,1348.7192077636719,1275.6777807617189,1354.8615883820553,1294.0936806468696,65.16281769130433
2024-02-05,1421.8782958984375,1452.978230847658,1414.4676622830975,1443.344407147716,8814432,-1.2811219482966152,1355.6703857421876,1280.6098071289061,1361.2441319550442,1299.104842029284,60.337549902299
2024-02-06,1410.7869873046875,1424.6695010773788,1402.9069175392074,1424.6695010773788,9047984,-0.7800462687801102,1361.79404296875,1285.228115234375,1365.9624991312007,1303.4845340008687,55.29193594229774
2024-02-07,1424.966064453125,1432.2284612961826,1412.2197504708995,1418.8152626559165,9296568,1.005047344215071,1369.1293334960938,1290.0578735351562,1371.5818863047175,1308.2485155872319,60.78589628628622
2024-02-08,1432.845947265625,1442.0845126481563,1410.515263064875,1432.7224367107362,14694634,0.5529874015297365,1377.02783203125,1295.0610400390624,1377.4165587771847,1313.1346893785415,64.37734889259042
2024-02-09,1443.344482421875,1454.4357071881138,1433.6612057465102,1436.6749118202338,12556798,0.7327050878208397,1383.731982421875,1300.2692358398438,1383.6954086481076,1318.2409557723977,64.86230875556524
2024-02-12,1435.0443115234375,1443.591265452315,1425.1634678173984,1443.344244359664,6674430,-0.5750651351443259,1388.2993957519532,1305.2491796875,1388.58578035052,1322.8214795273404,63.2614631717686
2024-02-13,1447.642578125,1461.376976810473,1436.6748642883215,1438.1569910396506,7715594,0.877900877373472,1392.9619201660157,1310.7108154296875,1394.210237281423,1327.716424570386,73.22049411842822
2024-02-14,1463.7236328125,1465.9715491065435,1440.1331160740654,1440.1331160740654,7117888,1.1108442740284996,1397.2724487304688,1316.3275830078126,1400.830560665335,1333.0500405798807,73.30901722051584
2024-02-15,1453.076904296875,1467.0335965408117,1449.0505085860837,1465.674980481667,10006782,-0.7273728644503485,1402.014013671875,1321.4755004882813,1405.8064029159577,1337.7569764119198,69.81699797349546
2024-02-16,1443.17138671875,1459.4007219371786,1441.170612214809,1458.8819534815811,9767498,-0.6816925896236836,1406.905029296875,1326.2518994140626,1409.364972801938,1341.890874855325,52.95993049059486
2024-02-19,1456.4364013671875,1461.8708655513933,1436.2053974591388,1444.628841067812,6729828,0.9191572650700364,1412.1443481445312,1331.0628784179687,1413.8479659986283,1346.3828562871627,67.98040997947828
2024-02-20,1453.496826171875,1457.918479579129,1444.3817720340203,1457.4491636292228,7117496,-0.20183340601437338,1417.2613891601563,1335.8550854492187,1417.6240479198898,1350.5834041257788,63.17108818058013
2024-02-21,1450.2115478515625,1470.7884795851646,1440.18258683898,1456.4365283424868,12720292,-0.22602583377943075,1424.1347534179688,1340.59443359375,1420.7276193419539,1354.490390154241,61.94353084955339
2024-02-22,1464.0941162109375,1467.2559381666686,1440.6271108051608,1450.6561919754165,18493728,0.9572788452789194,1430.9463623046875,1345.575859375,1424.8577619009047,1358.7885754897977,57.76555344577236
2024-02-23,1475.82763671875,1479.7059164315408,1465.6750448712426,1471.7517883622584,14438584,0.8014184592298523,1437.8901245117188,1351.140751953125,1429.7120356930805,1363.3783425968156,68.43961718287787
2024-02-26,1469.6026611328125,1476.7169415654328,1464.8352018923576,1475.753583346703,7513106,-0.4217955695542952,1439.8304748535156,1356.4833276367187,1433.5111428778168,1367.544002147247,70.79465591266053
2024-02-27,1467.94775390625,1482.0772898132236,1460.4383358684995,1465.3540321072526,10826044,-0.11260916098824181,1443.6852416992188,1361.4944018554688,1436.7908201186199,1371.4814041770119,66.67301186836832
2024-02-28,1438.2803955078125,1473.5056294891751,1432.8953836215212,1465.3292067243185,8647950,-2.0210091482814607,1445.1179626464843,1365.6013745117189,1436.9326844414002,1374.1009724644944,51.80326620484948
2024-02-29,1443.393798828125,1461.352161163495,1437.1935448412644,1447.5437052316252,23628976,0.3555220064379139,1446.8051208496095,1369.5596435546875,1437.5480286687073,1376.8183382042448,50.01697073975623
2024-03-01,1474.345458984375,1482.1266237591103,1445.0734581651325,1446.061542580972,12132926,2.1443669898941753,1448.505859375,1373.7703637695313,1441.052545841628,1380.6429311760148,61.70026420127267
2024-03-04,1489.4384765625,1494.4282305064353,1469.503825173054,1472.7150995331629,10024420,1.0237097069856427,1451.8838684082032,1378.5887573242187,1445.6607297198063,1384.9094231519555,62.26084702087401
2024-03-05,1482.32421875,1489.4384990399917,1468.3429205099196,1487.832861835706,7107668,-0.4776469739736444,1455.4607299804688,1382.9150830078124,1449.1524905798249,1388.7296112146241,55.75948764236566
2024-03-06,1485.0909423828125,1491.0194491388315,1460.882873129067,1475.654687549837,7805676,0.18664767112457348,1458.466973876953,1387.2720434570313,1452.5752002753475,1392.50848694671,60.42138709167248
2024-03-07,1461.302734375,1485.1896018011073,1457.9679496051947,1485.0660912540775,8315726,-1.6018014337657038,1459.8898132324218,1391.0247875976563,1453.4063939991238,1395.2063005713487,55.41297376093294
2024-03-11,1449.12451171875,1471.257625711574,1446.0614742974403,1471.257625711574,11277130,-0.8333812268857876,1460.1788146972656,1394.4470141601562,1452.9985956867072,1397.320740224188,47.80283428105263
2024-03-12,1457.844482421875,1470.269595576354,1447.568380480176,1449.1245651727334,9432678,0.6017406118389745,1461.3188232421876,1397.8588671875,1453.4601087091041,1399.694220310372,51.26257577368924
2024-03-13,1415.10986328125,1465.4279903850718,1410.7622676768488,1462.142657909758,13522134,-2.9313565099640226,1459.6921875,1400.6195751953126,1449.807704382642,1400.2987553288378,41.70656874434348
2024-03-14,1414.4180908203125,1431.264978068201,1408.514310659922,1422.545060878272,18571102,-0.04888471763835334,1457.2269104003906,1403.3140795898437,1446.4372649957536,1400.852454759876,37.482898201235265
2024-03-15,1401.3260498046875,1416.1473166057365,1396.0645483366263,1408.9589780840722,19223818,-0.925613232791167,1454.6393676757812,1405.5347998046875,1442.1409587870808,1400.8710271145746,31.355132221210013
2024-03-18,1422.32275390625,1424.5459437848976,1399.6462653903534,1403.0798345242215,9169392,1.4983453782571932,1453.5969360351562,1408.4560693359374,1440.253510703192,1401.7122713024835,38.982271708637256
2024-03-19,1408.267333984375,1420.4701525728194,1400.3626585436627,1411.7256294896863,8275764,-0.9882018608837861,1451.1884826660157,1410.9643212890626,1437.2072081585427,1401.9693325841263,36.852412003760584
2024-03-20,1426.5469970703125,1427.7821026954816,1407.0570544283007,1410.9352137218616,8488806,1.2980250727125275,1449.8409912109375,1413.728984375,1436.1919499596636,1402.9331625639768,47.278589532479124
2024-03-21,1433.685791015625,1440.5283239841642,1427.460931435626,1435.2173701383908,13006936,0.5004247290817165,1449.0147033691405,1416.8374951171875,1435.9532681554695,1404.1391479934532,47.76931068760701
2024-03-22,1437.6876220703125,1442.6033181580033,1430.1040255590262,1432.6977472783171,19527608,0.2791288774545597,1447.6943786621093,1420.0937280273438,1436.118444718788,1405.4547744278398,40.38615328960216
2024-03-26,1424.3978271484375,1435.0939139473653,1421.853557874578,1427.7820647176966,11415906,-0.924386822134371,1445.1228881835937,1422.396455078125,1435.0021954263736,1406.1976392404122,32.7796318525083
2024-03-27,1475.061767578125,1482.1265951381042,1429.7581221098912,1430.74620650665,16326644,3.556867292553645,1445.3958435058594,1425.02376953125,1438.8173927741595,1408.8981932928714,48.43749507564337
2024-03-28,1468.1451416015625,1488.0056133770977,1461.0309823617722,1475.086458445527,21854364,-0.46890415903863003,1445.405712890625,1427.2988305664062,1441.6105117101026,1411.2216030304671,46.41809930653246
2024-04-01,1467.0831298828125,1476.1734586788064,1464.8352136106084,1474.691331987126,5013880,-0.07233697055262223,1446.845849609375,1429.0902319335937,1444.0364753455988,1413.4122511423238,51.351687718547055
2024-04-02,1469.232177734375,1476.198221604726,1457.4246163768214,1466.317376747934,8910166,0.14648439531399493,1448.1377685546875,1431.3099633789063,1446.4360660492916,1415.601267871424,54.93337390518885
2024-04-03,1454.0650634765625,1466.7619246317818,1451.397283687729,1464.4152240453116,7008292,-1.0323156875859385,1447.1237487792969,1433.4842431640625,1447.1626372328412,1417.109652012802,49.10116293450372
2024-04-04,1445.4935302734375,1462.1180033355356,1432.7224901750476,1462.1180033355356,14490272,-0.5894875971114488,1444.9265014648438,1435.36111328125,1447.003674665279,1418.2227452779248,58.62798344722782
2024-04-05,1442.7021484375,1453.2747249138113,1438.651026127194,1443.467938045031,7442298,-0.19310925835893666,1442.9453979492187,1437.1920361328125,1446.5940055007286,1419.182721872418,57.937116380529964
2024-04-08,1468.268798828125,1473.2092211870183,1443.5914132686094,1445.542855977216,8357118,1.7721364328953548,1442.1042907714843,1440.3025268554688,1448.6582715319093,1421.1076660667595,67.55640414416871
2024-04-09,1446.2098388671875,1472.0482715276005,1445.0735176190665,1471.2577557160955,7071414,-1.502378854508346,1441.3496459960938,1442.6694848632812,1448.4250874686027,1422.0920650001096,56.229914976717765
2024-04-10,1461.9449462890625,1469.281521297736,1448.877554057703,1448.877554057703,9138330,1.088023812242933,1441.9906677246095,1445.1693359375,1449.7126930705513,1423.6549230898725,63.87789715269673
2024-04-12,1449.6680908203125,1468.7627741208264,1445.6415744118667,1458.2891033204971,15551012,-0.8397618186589795,1441.5818481445312,1445.5467846679687,1449.7084452371953,1424.6750473145955,56.169255864128374
2024-04-15,1447.3707275390625,1464.4646364315845,1429.0911655763507,1443.591352839028,12902062,-0.15847512239508532,1443.194891357422,1446.6771508789063,1449.4858054564206,1425.5650739900648,53.74830734869787
2024-04-16,1448.2847900390625,1453.6451964542034,1433.6364862387566,1436.0325186728678,9366184,0.06315330845154676,1444.8882263183593,1447.4503271484375,1449.3714230357198,1426.4560432468884,52.95250792441537
2024-04-18,1446.876708984375,1468.2934876101954,1441.9610129858208,1446.0615875622616,19005692,-0.09722404490967174,1447.1657592773438,1448.1948486328124,1449.133831221306,1427.2568536679664,56.7069612945757
2024-04-19,1452.607666015625,1456.4364932961696,1425.8306012864564,1439.4167626045175,15741778,0.3960915947892163,1448.6800048828125,1448.4403881835938,1449.4646726302888,1428.2510031717964,40.8459521814168
2024-04-22,1462.2166748046875,1465.156201770705,1450.3103301575063,1454.9048261235944,10350362,0.6615006249704791,1451.3774719238281,1449.2471557617187,1450.6791490278506,1429.582990294655,47.63501076190383
2024-04-23,1441.936279296875,1475.7041133303053,1438.20635702296,1461.3768889290402,14605554,-1.3869624014868687,1452.1469360351562,1449.8701416015624,1449.8464947677576,1430.0674330006245,41.30206965505186
2024-04-24,1432.895263671875,1451.0513135165108,1432.2282584925008,1446.0614393265091,10462776,-0.6270052120062264,1452.1074096679688,1450.0287255859375,1448.232091806245,1430.1783283210657,38.00354003414295
2024-04-25,1442.57861328125,1450.4832891142164,1424.3237766526493,1425.31186113177,15943926,0.6757890722983495,1452.3519592285156,1450.22337890625,1447.693665280055,1430.6646140057787,46.06533343703455
2024-04-26,1435.2421875,1447.5437912682185,1432.722523780831,1446.5062542977878,9413848,-0.5085633263730904,1452.8941772460937,1450.0613330078124,1446.507810253383,1430.8441266918267,46.45845018450185
2024-04-29,1447.568359375,1450.4091019997668,1432.7223672737166,1432.7223672737166,7247974,0.8588217363141082,1451.5195068359376,1450.3118139648439,1446.6088149316324,1431.499978953912,51.57723065138709
2024-04-30,1449.5198974609375,1465.403306850403,1445.4440490785064,1450.5079819172845,11474262,0.1348149172575308,1450.5882446289063,1450.3493603515626,1446.8860608868044,1432.2066424247757,42.824721404418845
2024-05-02,1449.0753173828125,1459.7218309784546,1446.6791643138515,1454.460329459568,14512646,-0.03067085032111283,1449.6878540039063,1450.0563940429688,1447.0945615054718,1432.868159089797,51.31401881296083
2024-05-03,1416.9129638671875,1457.374969923783,1399.275682268563,1453.4720849711523,17226958,-2.2195087536038938,1447.0718933105468,1449.333115234375,1444.220123635159,1432.2424651594988,32.05355978773791
2024-05-06,1402.610595703125,1422.841600588335,1401.1037428015688,1418.3952205864964,7394208,-1.009403437528511,1444.499169921875,1448.5218994140625,1440.2573114511558,1431.0804310631704,31.544295701081694
2024-05-07,1384.775634765625,1403.8209867220144,1375.4135586957902,1399.1028593353728,14517472,-1.2715546989404691,1441.4632751464844,1447.0886840820312,1434.97334224301,1429.264556698561,28.117470637888204
2024-05-08,1401.6473388671875,1415.8756594095175,1380.8481115524094,1380.8481115524094,9439002,1.218370953242398,1439.4105346679687,1446.0516943359376,1431.7994371595983,1428.1815285483112,35.33255834666781
2024-05-09,1377.5130615234375,1406.7850596926346,1373.4372136770935,1396.1631531839807,11009612,-1.721850901757882,1434.8727478027345,1444.597724609375,1426.6293061466306,1426.1945298414535,30.913546707189028
2024-05-10,1390.6546630859375,1393.1989320382118,1371.535134440886,1380.1068144144483,10505096,0.9540092162876768,1432.094989013672,1443.128935546875,1423.2031496646598,1424.8008095765313,33.62069466309595
2024-05-13,1385.9859619140625,1390.210046915121,1367.5088315833425,1383.2193979190515,8456620,-0.33571966468762815,1428.2970397949218,1441.3321020507813,1419.6586555931744,1423.278658687807,29.305314561657696
2024-05-14,1403.154052734375,1410.0706442572628,1383.3430308132884,1384.281662845081,7188300,1.238691537438319,1425.971337890625,1440.0031298828126,1418.0867886542412,1422.489458454339,39.29065018452075
2024-05-15,1399.399169921875,1412.935877106148,1396.18789582338,1403.5738021267657,5046534,-0.26760303369275373,1423.5727600097657,1438.632158203125,1416.307015441635,1421.5839569432621,40.472208989179144
2024-05-16,1408.3660888671875,1410.4904944706304,1381.3667306256436,1401.6471872524828,14711774,0.6407692056736858,1421.5768249511718,1438.0338720703126,1415.550736720259,1421.065609175573,40.2285986825453
2024-05-17,1418.5927734375,1420.0749000882806,1396.4103261437938,1406.0936018418706,10916476,0.7261382286290585,1420.1626281738281,1437.5378515625,1415.8404545028534,1420.9686352250603,45.32201129642765
2024-05-21,1419.0128173828125,1424.6448506468714,1408.6132041549797,1408.6132041549797,11176128,0.02960990307985245,1418.4828857421876,1436.4311987304689,1416.1425843009447,1420.8919364861486,41.40145603339335
2024-05-22,1443.2454833984375,1451.2736690394956,1419.1609264752628,1419.1609264752628,10281604,1.7077129761462695,1417.534326171875,1435.5073388671874,1418.7238127864202,1421.7685461689834,48.33419540341639
2024-05-23,1468.343017578125,1474.444366988288,1437.6629456463684,1441.1706938631594,14608260,1.7389650248958333,1418.8546630859375,1435.22771484375,1423.4494513380112,1423.5949960281657,54.52329983292783
2024-05-24,1462.6119384765625,1470.7636348065282,1458.5113640783345,1465.9467233388211,7094776,-0.39030928284150557,1420.3404968261718,1434.778134765625,1427.1792120178732,1425.1250722026127,62.24835266942804
2024-05-27,1448.77880859375,1467.2066075031105,1444.134859977049,1462.587264504762,6629010,-0.9457826453420637,1420.6505065917968,1434.52765625,1429.236316453671,1426.0526697081475,62.40532253641794
2024-05-28,1438.8485107421875,1460.8828419616084,1435.4396676765143,1450.5079553599196,7820162,-0.6854253936252164,1420.8308227539062,1434.3221362304687,1430.1517635287678,1426.5544673957568,65.1738692861415
2024-05-29,1423.607421875,1440.6271526936466,1421.310053120064,1429.264181324664,7383556,-1.059255978193685,1419.6327758789062,1433.6373950195311,1429.5284928950755,1426.4388969831782,56.21933065195852
2024-05-30,1407.8720703125,1423.2368313836507,1403.178669288835,1418.395193572925,13206858,-1.1053153643843294,1417.5503845214844,1433.4926391601562,1427.4659764586397,1425.7107861333477,59.02746268700058
2024-05-31,1413.3560791015625,1425.0648561889025,1405.303166382157,1414.2453792660226,31069832,0.38952465246684387,1415.764422607422,1433.4713989257812,1426.1221767103466,1425.2262878183758,57.072511785618126
2024-06-03,1492.32861328125,1496.453914146619,1441.6152266357983,1465.3292536675044,21527942,5.587589380157376,1419.535205078125,1435.2914501953126,1432.427551621861,1427.857751562018,72.64591733019311
2024-06-04,1380.625732421875,1480.199967601411,1343.1032493273078,1480.199967601411,36709098,-7.485139657931561,1418.4359619140625,1434.457509765625,1427.4940450313861,1426.0055155173065,46.57966450495651
2024-06-05,1403.821044921875,1414.097147783154,1367.6077240917773,1405.0561505394378,17464890,1.6800579588873044,1419.388232421875,1434.368583984375,1425.2394735923851,1425.1355362782701,50.63392507140057
2024-06-06,1414.541748046875,1426.497546390369,1404.41388190777,1417.9012594747103,17855722,0.76368018301054,1420.0329528808593,1434.1284790039062,1424.2206425880509,1424.7200936025292,50.88091988575954
2024-06-07,1452.4346923828125,1454.460313756298,1409.5024711775536,1411.4786400821138,18558696,2.6788141380951203,1423.779034423828,1434.50345703125,1426.9076949494568,1425.8069406135207,54.47420039643282
2024-06-10,1453.867431640625,1475.5558362929214,1450.5819785928986,1452.4346368701142,9251760,0.09864397107328671,1426.9396728515626,1434.8270532226563,1429.4752889200442,1426.9073520263482,54.59578132419099
2024-06-11,1439.31787109375,1456.1153056542432,1437.3417023219272,1451.4959629037996,11774902,-1.000748777380378,1429.606268310547,1435.1254541015626,1430.4126776984924,1427.3940390485996,49.46855093371513
2024-06-12,1445.888671875,1458.4126908916728,1437.835879864395,1440.1331280315808,10081742,0.45652186450355625,1431.7429992675782,1434.5419921875,1431.8865819057787,1428.1193187672818,46.801306284843825
2024-06-13,1447.790771484375,1454.7073627830548,1442.7021123343332,1454.4603416652449,9181160,0.13155228658845441,1434.162579345703,1434.1349047851563,1433.4012666275498,1428.890748285599,47.865390653816526
2024-06-14,1459.944091796875,1462.0437710581823,1439.8612048457326,1452.4840066456875,8157998,0.8394389957355308,1436.7414794921874,1433.9921240234376,1435.9291547389141,1430.108526462512,51.6158917278696
2024-06-18,1463.377685546875,1469.676723437239,1453.8179209728387,1469.6272709721836,7196766,0.2351866601805197,1438.9807250976562,1433.8750341796874,1438.5433005301486,1431.413199367781,53.61801179050198
2024-06-19,1441.2694091796875,1469.7756214798555,1438.650961260282,1469.7756214798555,8725874,-1.5107703626713098,1440.0935546875,1433.61912109375,1438.8029299253428,1431.7997173996207,52.55338681515171
2024-06-20,1456.139892578125,1465.1808887163045,1432.8211254931246,1441.6151005379977,16113776,1.0317629239700032,1440.7382751464843,1433.8320483398438,1440.4540692256078,1432.7542340732875,56.99555437924075
2024-06-21,1436.872314453125,1457.128045050937,1423.4096642387256,1456.0659025463858,31170360,-1.3231955407036033,1439.1647399902345,1433.7154516601563,1440.1129497234665,1432.9157274215165,53.27731555626326
2024-06-24,1424.2989501953125,1432.2283517054532,1420.3713387903338,1428.3007403004744,8878386,-0.875050909627828,1437.249090576172,1432.8360546875,1438.606854530309,1432.5778145891165,38.36597254840562
2024-06-25,1436.822998046875,1438.576872033328,1423.8296636688654,1425.8058325289194,7045386,0.8793131420791411,1436.651300048828,1432.6483178710937,1438.4369634366487,1432.7442923717738,64.54419543904788
2024-06-26,1495.9844970703125,1500.875466568816,1427.905458276952,1428.819484586685,22014882,4.117521720062789,1439.5080993652343,1433.3291088867188,1443.917680925569,1435.2243003991675,70.10888585495985
2024-06-27,1512.3126220703125,1519.1797603831344,1488.0551018777237,1495.7127559544515,28383030,1.0914635166324516,1443.943359375,1434.5819995117188,1450.4314848441159,1438.2473718372516,70.82283229765866
2024-06-28,1546.747314453125,1562.161406676686,1512.781913849386,1512.781913849386,28957336,2.276955960049598,1450.8871215820313,1436.56953125,1459.604420997355,1442.502271547678,70.3866128588791
2024-07-01,1541.5599365234375,1560.5805616644209,1537.138282854078,1543.9066370278445,7724306,-0.3353733270596626,1457.297314453125,1438.4350341796876,1467.409708190315,1446.3868858604528,68.65283480755339
2024-07-02,1546.525146484375,1554.7509013864856,1538.4475077589818,1550.798563537394,7749246,0.32208997154759,1460.0071411132812,1440.4280029296874,1474.9445118373685,1450.3138764731557,73.77307355820037
2024-07-03,1533.927001953125,1556.2329594590622,1524.391963189475,1547.661278880494,9049620,-0.8146097436494082,1467.6722045898437,1442.0543896484376,1480.561891848393,1453.5928225704095,69.01411644112983
2024-07-04,1535.5079345703125,1548.822348177101,1532.321386398175,1538.447461634288,6837176,0.10306439714371507,1474.2565490722657,1443.52021484375,1485.7948482980996,1456.805179903739,68.97107051604615
2024-07-05,1569.6956787109375,1579.453012774842,1529.5547474353805,1535.3102911811948,12269710,2.226477856019149,1482.0142456054687,1446.0754028320312,1493.7854035755129,1461.232258288335,71.67110090836474
2024-07-08,1581.824462890625,1589.6303543798022,1563.6684106310508,1570.0662334946016,9500806,0.7726837975146728,1488.4837341308594,1449.0539868164062,1502.1700758912377,1465.96136435117,72.61157391483479
2024-07-09,1571.325927734375,1581.4290665009253,1561.6673786971023,1578.563597646217,6960002,-0.663697862976842,1494.3566589355469,1451.6289331054688,1508.756347495346,1470.0933080132565,75.97945097587869
2024-07-10,1565.3480224609375,1578.4648673124634,1544.5241914718106,1575.9946562525065,7134578,-0.3804370034202087,1500.6581665039062,1454.2310498046875,1514.1460308254025,1473.828787011205,72.6184390363778
2024-07-11,1561.815673828125,1585.1344421846698,1551.786592769845,1568.5840280306456,11940946,-0.22565899609079398,1506.4545166015625,1456.51599609375,1518.6859968256617,1477.279253160888,77.68168934853631
2024-07-12,1577.6990966796875,1586.023756297877,1555.7389442164904,1565.619788574804,12924784,1.0169844699170483,1512.949932861328,1459.079580078125,1524.3062920498546,1481.2172862400566,83.49512441120842
2024-07-15,1578.193115234375,1586.7153433656392,1566.6078495211154,1585.332001053062,5329688,0.0313125966622696,1518.8623840332032,1461.6619360351563,1529.4383704483805,1485.0202599261083,82.57995438090705
2024-07-16,1557.4681396484375,1580.9351457176842,1550.4280378276635,1574.5125966882065,9386838,-1.3132090988028255,1523.5669067382812,1464.4730395507813,1532.1078722769573,1487.8613532485526,67.22016555734402
2024-07-18,1567.7689208984375,1574.9078068261192,1539.2625884242743,1557.2210712967385,12298374,0.6613799016347954,1529.8918823242188,1467.7762060546875,1535.5041626218601,1490.9949833524697,66.07476728107011
2024-07-19,1536.61962890625,1571.029623251694,1534.2976544625544,1567.1020115011324,13140390,-1.986854795816262,1533.915869140625,1470.8130859375,1535.6103975060878,1492.7841851388926,47.00735266534119
2024-07-22,1482.7935791015625,1519.179738244426,1481.4102368427714,1518.9327171487766,19674376,-3.502887038023872,1536.211932373047,1472.4360107421876,1530.5802243247044,1492.3923966668406,36.512082178086885
2024-07-23,1470.1708984375,1487.808182000688,1445.5675711552426,1483.1147807956386,18052044,-0.851276997821282,1538.5055297851563,1474.2891674804687,1524.8269551925898,1491.5209653637291,33.0704330871057
2024-07-24,1477.8779296875,1491.5135439533938,1458.8079713194404,1467.3054738461674,11913362,0.5242268948590256,1540.5582763671875,1476.0336328125,1520.3556194302002,1490.9859443568182,37.29705622943727
2024-07-25,1474.6171875,1482.595920809754,1459.474721651074,1463.3530011800513,12519876,-0.2206367739850834,1539.4899108886718,1477.8062573242187,1515.9995782939907,1490.3440323232176,36.304024908911686
2024-07-26,1491.044189453125,1494.4037007697482,1472.59166375446,1474.6172851615388,9859940,1.1139841643223125,1538.4264892578126,1479.5640600585937,1513.6228745948606,1490.3714894655668,30.77296320766034
2024-07-29,1501.9871826171875,1509.2990318372968,1493.761427629427,1493.934270042657,7538550,0.7339147452146255,1536.1884826660157,1481.6158203125,1512.5147134541298,1490.8270068440618,30.369276484624734
2024-07-30,1495.1199951171875,1506.8287716127938,1492.0075050067665,1498.9488223237445,8228208,-0.4572067977327232,1533.8664855957031,1483.3508984375,1510.8580736125161,1490.9953593253608,30.92146641019953
2024-07-31,1487.4869384765625,1492.4519658681731,1483.262853735488,1486.0788700242824,10057346,-0.5105313731040506,1530.9145751953124,1484.7287817382812,1508.6322512186157,1490.8577741940355,30.667310849181277
2024-08-01,1497.244384765625,1499.9121644798522,1486.37545603751,1493.9836579008804,10764222,0.6559685357006018,1529.0804443359375,1486.2934130859376,1507.5476925088071,1491.1082295105684,34.44789936917569
2024-08-02,1481.459716796875,1491.3405616106625,1475.4818780540024,1487.067144475012,10268248,-1.0542479323588094,1526.3780334472656,1487.0576977539063,1505.063123393385,1490.7298564629725,26.80955605377737
2024-08-05,1430.079345703125,1466.2186085334113,1416.1721046606897,1462.3650548737628,17046704,-3.46822600109854,1519.397216796875,1486.2924243164061,1497.921811232408,1488.3514050606257,21.338470929056967
2024-08-06,1438.700439453125,1459.8948030686215,1434.0316438440889,1437.8111393077952,10236186,0.6028402393128296,1512.241015625,1485.8141943359376,1492.281680586762,1486.4043083701354,25.887707190330346
2024-08-07,1447.3707275390625,1454.954323788822,1444.0853950542364,1451.4960282823629,8174568,0.6026472118986215,1506.0432556152343,1485.7860327148437,1488.0044469631714,1484.8735797100933,25.393778577886536
2024-08-08,1431.8577880859375,1447.5436277380477,1428.6959662921352,1440.1577210643811,12387192,-1.0718013814954852,1499.3687438964844,1485.6462182617188,1482.6571461177207,1482.7945290581656,27.127588976796815
2024-08-09,1456.7330322265625,1458.9067698886504,1438.6510375603625,1442.6033755756382,6249776,1.7372705828472945,1494.1146118164063,1486.30873046875,1480.1881828899914,1481.7725095745734,43.48690657349928
2024-08-12,1443.2208251953125,1455.4483700557605,1440.3800824499558,1452.484116756258,8184584,-0.9275692067335806,1487.3906982421875,1487.0157055664063,1476.6674821571646,1480.2606788146022,43.29440937042317
2024-08-13,1446.18505859375,1452.5581548536695,1440.6270837336665,1443.344315887485,6265064,0.20539014866531868,1480.7902954101562,1487.67228515625,1473.7643941987442,1478.924379982412,41.92371533731339
2024-08-14,1444.43115234375,1454.460233101401,1436.3782403810735,1446.1109681889411,6267466,-0.12127813377531549,1475.138446044922,1486.7143359375,1470.9707521173164,1477.571704388739,42.248169910545684
2024-08-16,1460.5863037109375,1462.760161748311,1440.676499654279,1451.1501701128775,9416902,1.11844384836024,1469.779315185547,1488.3135473632813,1469.9817570309947,1476.9056102445113,42.1674220559438
2024-08-19,1475.65625,1485.47150978375,1467.823866090739,1469.8067419652286,13797742,1.0317737644652603,1466.7311462402345,1489.7502514648438,1470.5221849328045,1476.856615725119,43.369451949944214
2024-08-20,1483.1416015625,1491.0484162933285,1477.2674041310693,1484.4057091952604,8411808,0.5072557760318563,1466.7485473632812,1491.1222485351564,1471.7240341356328,1477.1030857579574,46.993011364576574
2024-08-21,1485.8433837890625,1494.964564922092,1477.2426107826689,1480.464784262564,7769996,0.1821661683359288,1467.5321716308595,1491.7904223632813,1473.068734102626,1477.445842543491,49.5769369025145
2024-08-22,1485.2979736328125,1493.6012664349316,1477.8869991875908,1490.1312336221058,10445782,-0.03670710938989963,1467.903173828125,1492.419033203125,1474.2334235816913,1477.753769252876,46.77180896788269
2024-08-23,1487.1322021484375,1498.3849993365056,1485.5955458508122,1490.8749048344312,9249654,0.12349229233368231,1468.5289245605468,1493.3753198242186,1475.4618786832862,1478.121550935055,51.65782498100256
2024-08-26,1499.6490478515625,1509.9600269352031,1490.131267553257,1494.0722092753902,8816114,0.8416767308946804,1468.9591674804688,1494.45052734375,1477.7654186040745,1478.965766500408,76.3085857256944
2024-08-27,1487.6031494140625,1500.516654009415,1486.6117113802566,1497.5671500638723,6251156,-0.8032478302011592,1468.2399658203126,1495.2467749023438,1478.702345347883,1479.304487398983,68.02619891629791
2024-08-28,1485.4715576171875,1494.567928369235,1480.2168879705305,1492.1141436005682,9610286,-0.14329035251872124,1467.7575439453126,1495.75732421875,1479.347032230674,1479.546333289893,64.75578323528354
2024-08-29,1507.90283203125,1523.8401488737277,1481.2083164719252,1490.2303777286736,38335358,1.5100440192906905,1468.778338623047,1496.6478271484375,1482.0666322116813,1480.6583528483777,77.95299474737975
2024-08-30,1496.6995849609375,1526.5418444404818,1490.4534771750382,1520.865886117465,41620730,-0.742968766443719,1468.7510986328125,1497.7564306640625,1483.4602467592294,1481.2874207743603,66.33273471016662
2024-09-02,1503.267822265625,1513.727541260943,1493.725231802768,1497.9388431759776,11240852,0.43884807416840754,1469.84150390625,1498.6989892578124,1485.3466825217433,1482.1493973034296,76.01529487050661
2024-09-03,1496.203857421875,1509.9600595401412,1494.5927706873033,1508.2250430567562,10923800,-0.4699072739482779,1473.1477294921874,1499.8856201171875,1486.3806991788988,1482.7005526021921,70.92717058222676
2024-09-04,1501.5823974609375,1504.50709100704,1486.661207884716,1487.850885016148,11983304,0.35947909186186955,1476.2918273925782,1501.4312890625,1487.8284799676644,1483.441017106457,73.20740800223655
2024-09-05,1480.192138671875,1512.7113538076746,1474.3179410781215,1506.0439573959177,16264168,-1.4245144871990911,1477.9328979492188,1502.298671875,1487.1012093680654,1483.3136101090222,57.636658776944
2024-09-06,1452.2830810546875,1484.182646260627,1449.110527949692,1479.721175380084,19394228,-1.885502353919355,1478.9541625976562,1501.4246435546875,1483.7851971477437,1482.0967266166954,41.72371552538692
2024-09-09,1449.9283447265625,1457.339440034618,1443.1370191466497,1453.943716732093,9010298,-0.16214031264586426,1478.6139282226563,1500.1769580078126,1480.560735012393,1480.8352214445333,37.79598054052697
2024-09-10,1449.0113525390625,1459.4462610127246,1445.0951000796938,1447.9951044503912,10768260,-0.06324396587149561,1478.9034545898437,1498.2222387695313,1477.5560319196948,1479.5872265854953,36.28641240025961
2024-09-11,1439.0721435546875,1456.1744477064742,1435.1560121734635,1450.5232999620257,9760202,-0.6859303736274303,1478.5478088378907,1496.1724829101563,1473.890899694456,1477.9983997999734,33.9140740489015
2024-09-12,1467.1298828125,1473.2767495080643,1433.495302957586,1444.5250498204912,22349376,1.949710400793836,1479.6827453613282,1494.5845776367187,1473.246993324746,1477.5721834475235,44.11376530929683
2024-09-13,1460.016357421875,1470.451266381587,1456.918113729867,1463.7590600068495,8711328,-0.48485996188615266,1479.654248046875,1493.1063647460937,1471.9869327625677,1476.8837196818117,37.953902401197965
2024-09-16,1458.752197265625,1468.2204780575375,1452.2087310287416,1464.8991851443227,5481774,-0.08658534199453838,1478.8090454101562,1491.57125,1470.7264817628588,1476.1726795870593,40.61590016636293
2024-09-17,1459.6942138671875,1464.824832895271,1454.0677548146175,1461.3796100548857,5935328,0.06457687627332565,1477.6366760253907,1489.371220703125,1469.6757895823189,1475.5264652451037,41.55023808571085
2024-09-18,1450.919921875,1469.3111455549956,1448.0448484372855,1457.413889315684,8574714,-0.6011048005007624,1475.8905029296875,1486.7531298828126,1467.889516467336,1474.5615027600015,29.484245019654168
2024-09-19,1457.0916748046875,1463.858190669141,1443.0876132109174,1453.6959512825115,16955902,0.42536826716885745,1474.4801879882812,1484.4684448242188,1466.8611505947028,1473.8764114676362,35.20375683795217
2024-09-20,1473.2025146484375,1482.1997658201983,1458.7770437683578,1461.3795684407844,30897320,1.1056847089535138,1473.7837036132812,1482.6255346679689,1467.4650900283918,1473.8499841413932,39.516033600453596
2024-09-23,1480.5887451171875,1488.64417898616,1476.2015834923338,1478.2340798324108,8832314,0.5013723772059109,1472.8306884765625,1481.00099609375,1468.7149619416107,1474.114249277699,44.56712028792109
2024-09-24,1476.6229248046875,1487.6526722077606,1475.1357678514642,1475.7554165819738,17137444,-0.2678542792911798,1472.2816772460938,1478.97947265625,1469.4681012619035,1474.2126287101298,41.22977385145672
2024-09-25,1481.15869140625,1483.6869066134093,1467.5264194610884,1471.1948125268714,7069002,0.30717162285438526,1472.0660339355468,1477.0387841796876,1470.5814907994604,1474.485023325664,50.38525839267746
2024-09-26,1485.12451171875,1491.122760061236,1475.309372285805,1477.8870868947113,18818998,0.267751209611089,1470.9271179199218,1475.5919116210937,1471.9665404108214,1474.9022581646086,66.17821977464254
2024-09-27,1513.10791015625,1520.345334807694,1479.225468721031,1486.1655345930462,20597478,1.8842459481807738,1471.7475341796876,1474.49869140625,1475.8847661008622,1476.4005190270261,74.84888552172063
2024-09-30,1463.9324951171875,1511.9181178232873,1461.7761901136828,1506.3908994638518,27008814,-3.2499608725186313,1469.7807678222657,1473.0449487304688,1474.7464545786074,1475.9115769129148,54.253801255879544
2024-10-01,1452.2830810546875,1475.2100841908111,1450.3002051077794,1467.9726595996829,16431642,-0.7957616967555259,1467.5847290039062,1472.4347387695314,1472.6070856715676,1474.9849692322,53.72987623141334
2024-10-03,1394.928466796875,1436.9902726871703,1390.070396353704,1424.275007622252,37757294,-3.949272356471989,1462.2520324707032,1470.9298901367188,1465.2091219692159,1471.8454985484616,32.50875931231414
2024-10-04,1374.653564453125,1405.2145916660445,1369.9442340651565,1391.9046094477658,37072876,-1.453472549048096,1456.9751037597657,1468.8654028320314,1456.5847831581596,1468.0340501525661,30.559994217692747
2024-10-07,1358.9888916015625,1384.5432314460647,1349.7189700751069,1381.5689173076198,22181340,-1.1395360443265057,1452.3103942871094,1466.5528369140625,1447.2899363432455,1463.7577694250758,28.678950139286087
2024-10-08,1385.3858642578125,1389.004637160655,1353.4119887771335,1361.2195630224155,17020808,1.942397970975418,1449.083270263672,1464.4396704101562,1441.394310430347,1460.6843613793008,35.677426701789955
2024-10-09,1362.8306884765625,1388.979866453412,1360.74869282372,1385.5594536683957,14310610,-1.6280789607546198,1444.774237060547,1461.6565405273439,1433.912060720463,1456.8469624419386,33.87770841460086
2024-10-10,1359.31103515625,1374.132983939481,1357.699948504806,1368.209166456891,22358646,-0.25826049780599547,1440.786181640625,1458.940361328125,1426.807201142919,1453.0220241170098,31.92852982037701
2024-10-11,1360.35205078125,1371.4314188021033,1357.1050671377104,1358.2700551936466,7980122,0.07658406340240731,1435.4472900390624,1456.3976635742188,1420.4781392037125,1449.3879075156074,27.91306961340328
2024-10-14,1360.7734375,1368.2587216327886,1356.5350159311083,1367.6390728953818,12221432,0.03097629900348231,1430.4851440429688,1453.6682446289062,1414.7919771366924,1445.9128302600934,25.89268302267719
2024-10-15,1332.5174560546875,1359.9554295521657,1329.2208521541709,1346.8933067731043,33762794,-2.0764648005787145,1424.173406982422,1450.6893994140626,1406.9563084622157,1441.4659528402735,23.587144755742315
2024-10-16,1342.4813232421875,1352.3213935222657,1326.1722170162907,1328.5268821992931,20034438,0.7477475917652132,1418.312762451172,1448.9374389648438,1400.815833679356,1437.5842026599566,25.077955086813475
2024-10-17,1344.811279296875,1356.7332239102464,1340.4737382347969,1354.0067695283683,15543660,0.17355593812362624,1413.0073303222657,1447.0596557617187,1395.4820665953102,1433.946048802581,24.634830320117075
2024-10-18,1347.66162109375,1356.70849216764,1329.840427555484,1340.5976258716714,12082452,0.21195106263276475,1407.5358276367188,1445.0654736328124,1390.9277384523045,1430.5623457551758,17.101993974482326
2024-10-21,1357.476806640625,1362.2357572594483,1346.1000802528206,1355.41962128335,14067408,0.7283123146972992,1401.7495422363281,1443.5778540039062,1387.7419354226208,1427.6962461820563,24.903552125018777
2024-10-22,1331.8482666015625,1364.2187428070656,1328.7500227270916,1357.4769157261562,15831960,-1.8879541745163153,1394.312518310547,1441.0801586914063,1382.4187288682344,1423.937501884782,23.36364677016647
2024-10-23,1327.0645751953125,1345.8522769141389,1323.56973203491,1326.0483270387208,17214742,-0.3591769067250006,1386.8346008300782,1438.7570336914061,1377.1469047089086,1420.1385635832341,30.442833894899337
2024-10-24,1328.3287353515625,1332.1952468902052,1311.796457612685,1323.8424540123256,22155934,0.09525988259191376,1379.1931030273438,1436.3999072265624,1372.4975552463043,1416.5381781623844,35.007233797439454
2024-10-25,1316.4808349609375,1332.8395608533488,1310.6809472586556,1331.996862815434,18597496,-0.8919403815719762,1370.760919189453,1433.8409008789063,1367.1626295048409,1412.6143607819354,35.89401451811524
2024-10-28,1322.9251708984375,1341.4155124030335,1310.7800563182918,1325.552505604476,10824350,0.48951232455207716,1361.2517822265625,1431.0876782226562,1362.949538208993,1409.0971376492491,26.109193663458043
2024-10-29,1328.52685546875,1331.6994085045892,1308.995576227512,1316.728719636798,12008361,0.4234317022260736,1354.4815002441405,1428.1450903320313,1359.6711874718271,1405.93751874021,34.923738042994245
2024-10-30,1332.3935546875,1338.4413022928309,1314.0023313459362,1323.569732267355,11984423,0.29105164135998507,1348.4870239257812,1425.1301293945312,1357.0733176828435,1403.0534417185352,38.205958743212655
2024-10-31,1320.64501953125,1331.501217083263,1314.7955112005386,1328.526903121052,9331650,-0.8817616322833066,1344.7728515625,1421.826162109375,1353.6039559541202,1399.8217388876612,34.09457196951915
2024-11-01,1327.1884765625,1330.4601492824747,1321.5868277686543,1321.636448077728,2127335,0.49547432765637556,1342.3995971679688,1418.6639721679687,1351.0881960120612,1396.9733756592236,37.175863431950894
2024-11-04,1291.0009765625,1328.52687951389,1274.0969107675833,1326.3952636738204,19796890,-2.726628556460031,1339.0002014160157,1414.74134765625,1345.3656036835314,1392.8175953024895,35.052664610419
2024-11-05,1294.1240234375,1298.337634786513,1275.1379622128013,1281.9292880644173,16267479,0.24190894752966763,1334.437109375,1410.6308471679688,1340.4854531839094,1388.9472591509214,31.6877012585623
2024-11-06,1314.002197265625,1316.9270116872765,1289.0675098622075,1298.783649697479,21625209,1.5360331365554813,1331.9956848144532,1407.158828125,1337.963238334549,1386.0082371162039,39.701693996830386
2024-11-07,1294.470947265625,1312.6638089321268,1291.447013193,1312.6638089321268,9611974,-1.4863940136967457,1328.753680419922,1403.3388159179688,1333.821115375604,1382.4185394750048,34.0041672907324
2024-11-08,1272.758544921875,1290.5053095001092,1264.083462337208,1286.5395574614042,19814406,-1.67731862886642,1324.374005126953,1398.6359301757811,1328.0056324752488,1378.1181475317449,26.224290817801744
2024-11-11,1261.802978515625,1274.9891511168566,1256.151830843746,1267.9994654475693,9056552,-0.8607733532774997,1319.4254821777345,1393.937998046875,1321.7006178124275,1373.5567683546421,28.577903183535838
2024-11-12,1263.33984375,1278.2610337323058,1256.6476373969983,1264.6287615317467,10671091,0.12179914460044294,1315.9666015625,1389.1394384765624,1316.142448854101,1369.2345360172053,30.116043357997526
2024-11-13,1241.3299560546875,1264.5295076822267,1238.8017408266169,1259.374078659472,14633633,-1.7421984911027644,1310.909033203125,1384.0419604492188,1309.0174495398712,1364.2186701363223,25.965502263517706
2024-11-14,1256.746826171875,1261.7040163358736,1240.38809863068,1242.866693712679,12612633,1.2419639147505102,1306.505810546875,1379.1452490234376,1304.0392949333955,1360.0040880200695,33.81685776365266
2024-11-18,1249.9554443359375,1262.0014401044657,1233.24973843027,1256.7467703539512,13620611,-0.5403937924891689,1301.6205017089844,1374.5405151367188,1298.888452019352,1355.6884549344172,30.26814055064672
2024-11-19,1231.0189208984375,1270.5276979121372,1224.5745744010292,1249.9553610165642,14183746,-1.5149758756049403,1295.297607421875,1370.1152319335938,1292.4246871506934,1350.7994535996731,25.406366016058215
2024-11-21,1212.528564453125,1233.299140266532,1206.8277964681656,1231.0189056876295,19433843,-1.5020367381370248,1289.3316223144532,1365.367236328125,1284.815532608068,1345.3770657900047,21.844412431957537
2024-11-22,1254.565673828125,1257.9860865301257,1211.9833389629089,1218.87390570229,20471957,3.4668964185565088,1285.7066772460937,1361.4783227539062,1281.934593676645,1341.8158347326762,36.41183640847277
2024-11-25,1275.9805908203125,1293.2811339485756,1271.4694999174592,1278.9549045518283,28923341,1.7069586263143144,1283.0892700195313,1358.2164916992188,1281.3675457855657,1339.2340604616031,40.07683155013803
2024-11-26,1284.6060791015625,1286.7376948587628,1273.2045428922677,1283.8625006531302,9247557,0.6759889878657832,1281.4955322265625,1354.566015625,1281.6759775299463,1337.091786682778,48.61257877025966
2024-11-27,1282.1275634765625,1292.6864023015985,1274.9892583407009,1282.4250432843671,9572746,-0.19293973968529388,1279.4556518554687,1351.0082397460938,1281.7189857153382,1334.936326949201,47.38997804686699
2024-11-28,1259.91943359375,1285.4984608667178,1258.184417128475,1278.905374093644,15027412,-1.732131069906484,1276.0252807617187,1347.0315844726563,1279.6428378942346,1331.9944879940851,38.351525502515074
2024-11-29,1281.1361083984375,1288.3736540571424,1264.3312830599236,1269.040613461441,13202307,1.6839707555085237,1273.4624084472657,1343.4604223632812,1279.78505413273,1330.0000417354322,47.14861232414237
2024-12-02,1297.9410400390625,1300.1221551586505,1266.115905470633,1276.9721028104004,11024152,1.3117210209329766,1272.3272094726562,1340.4008447265626,1281.5141956476189,1328.7428259826333,55.500205562834246
2024-12-03,1311.969970703125,1315.4400037478051,1295.8094826849822,1305.7238628126408,16869482,1.080860395911376,1271.5662841796875,1337.4984106445313,1284.4147456529051,1328.0850669520644,60.812011053840116
2024-12-04,1297.74267578125,1317.0262168141671,1292.884726573221,1314.6467414933138,19608540,-1.0844222992581254,1271.903369140625,1333.9892138671876,1285.684072331795,1326.8951692590913,57.029966934001706
2024-12-05,1310.7305908203125,1318.5628538088615,1294.966703202915,1303.096445986659,16858723,1.0008081942164404,1272.7336975097655,1330.59205078125,1288.0694550449873,1326.2612642222764,64.7244230713448
2024-12-06,1300.320556640625,1312.564791729292,1298.7837793313574,1312.564791729292,9037514,-0.7942161610169252,1272.0496154785155,1327.0660034179687,1289.2362266255243,1325.2439815720156,59.445519361203075
2024-12-09,1284.0609130859375,1303.7409326166044,1282.0284168341586,1291.8436769577456,14650002,-1.2504334774722237,1271.5291137695312,1323.1240478515624,1288.743339621754,1323.628959278444,57.10156391387188
2024-12-10,1273.8489990234375,1283.812998621138,1269.238788448007,1278.2113501165884,16043729,-0.7952826815636138,1271.5836364746094,1318.8985375976563,1287.3248309933429,1321.6768039743263,59.25448027161218
2024-12-11,1267.2559814453125,1278.9549980546296,1265.1244866020038,1273.9978081396894,11724373,-0.5175666490439101,1271.8562866210937,1313.9814990234374,1285.4135119887687,1319.5426540712276,62.466125490148094
2024-12-12,1252.0870361328125,1267.25596445406,1249.8066803924569,1259.1262215126185,20906813,-1.1969914156727657,1271.2936462402345,1309.74458984375,1282.239561907249,1316.8973357207014,49.356653699407566
2024-12-13,1261.9517822265625,1264.281637225772,1228.9864700814942,1249.211828655226,28630222,0.7878642465797059,1272.3247375488281,1305.9379638671876,1280.3073924138503,1314.742608132696,46.1264828529018
2024-12-16,1257.4407958984375,1270.032009408355,1255.7057794921418,1264.0833817296273,9486781,-0.3574610687712587,1272.3594360351562,1303.1882104492188,1278.1296213171445,1312.4954782411567,42.324963166113925
2024-12-17,1234.6378173828125,1253.0785403896136,1232.1592223274588,1250.2529662315403,17462791,-1.813443510820112,1271.5935546875,1300.3878955078126,1273.9875447519698,1309.4422366388685,37.96485692188709
2024-12-18,1242.5196533203125,1249.162239402372,1230.027558928225,1230.027558928225,12670179,0.6383925574390714,1272.1685913085937,1298.0585107421875,1270.9906027108595,1306.8178216067683,45.24517826203274
2024-12-19,1219.914794921875,1234.2411461229626,1218.4772582835096,1228.3916379278016,14244653,-1.819275722362368,1272.5379028320312,1294.7490893554686,1266.1262400642895,1303.4098597759883,33.396081869292786
2024-12-20,1194.9803466796875,1228.8874800507767,1191.2128336272758,1213.5201900622435,20312896,-2.0439499828989516,1269.5586364746093,1291.3920825195312,1259.3504406943273,1299.1577220075058,23.255232874488385
2024-12-23,1211.834716796875,1216.6926661807136,1202.8125341694108,1204.5971709809228,10052824,1.4104307375446101,1266.3513427734374,1288.4425561523437,1254.8251336564747,1295.7332904306184,24.365439086402276
2024-12-24,1212.2808837890625,1222.988463211123,1210.545867189896,1211.8347850736238,6734917,0.03681747898482968,1262.7350830078126,1285.4811328125,1250.7733003357687,1292.4606470329104,26.460938640005537
2024-12-26,1206.1339111328125,1217.1883476811242,1203.8535553911518,1213.767935093776,10016178,-0.5070584497742225,1258.935400390625,1282.3883422851563,1246.5219299354872,1289.0752848407499,20.062359021374235
2024-12-27,1210.595458984375,1217.3867853075249,1206.5800865394056,1207.86900439277,7000397,0.3699048513918557,1256.4692016601562,1279.94990234375,1243.1003612734767,1285.9976446110882,23.41359349160625
2024-12-30,1200.3338623046875,1212.726836521202,1197.7561478726802,1205.9851311625014,8818766,-0.8476487007721301,1252.4290893554687,1277.106953125,1239.0273613716872,1282.6382805990725,24.276516236849332
2024-12-31,1205.043212890625,1208.6619856280877,1195.8229125326573,1197.6570485426987,6405475,0.3923367267915978,1247.784197998047,1274.311591796875,1235.7907758020624,1279.5953367673685,28.12102862688016
2025-01-01,1210.7935791015625,1215.800389087432,1201.2261788160188,1204.4483521073844,5892590,0.4771917014613658,1242.7253784179688,1271.5742309570312,1233.410090402015,1276.8972286236115,31.94926406196585
2025-01-02,1231.167724609375,1233.7949384205442,1209.554328364606,1210.793625832193,15486276,1.6827100720942623,1239.396630859375,1269.0480493164061,1233.1965317550969,1275.1039147407002,43.527615772931185
2025-01-03,1240.4376220703125,1251.2443199889096,1224.9215938636924,1233.2496968938565,15521102,0.7529353861090327,1235.881982421875,1267.2198364257813,1233.886159404165,1273.7444522830378,43.31897891568549
2025-01-06,1207.571533203125,1251.1948069805778,1204.597219081935,1243.2136823453243,14816766,-2.649555953674909,1231.24453125,1264.8299755859375,1231.3800045278756,1271.1494358485315,36.832476511256864
2025-01-07,1230.2257080078125,1233.844480589015,1210.7935491517349,1211.5371275851955,10070505,1.8760110007393527,1228.5527709960938,1262.8679150390626,1231.2700715259648,1269.5445837763464,48.83410663872789
2025-01-08,1254.664794921875,1260.167324257905,1234.6872949225542,1238.3060678446636,19346579,1.9865530979382928,1227.5935607910155,1261.6315942382812,1233.4981404208133,1268.9610626447986,52.951100823222255
2025-01-09,1244.0068359375,1258.878406002503,1237.3642497185242,1256.1519514905858,12794704,-0.8494666485831082,1226.431103515625,1260.0532275390624,1234.4989685652597,1267.982465519022,56.214857566077846
2025-01-10,1231.266845703125,1245.9896754309789,1225.4173374439545,1243.114481097643,8120332,-1.024109342998425,1225.3900939941407,1258.10802734375,1234.1911473402945,1266.5426372909476,59.98903171997013
2025-01-13,1229.234375,1234.5881643828388,1215.899582365329,1219.4687349455062,13764861,-0.16507150421680716,1223.7542236328125,1256.04484375,1233.7190737840758,1265.0795681814986,55.21541800767798
2025-01-14,1228.143798828125,1242.6187691440975,1216.742262047884,1233.4479678208604,13095266,-0.08871995398558319,1222.289373779297,1254.1948193359376,1233.1880952168424,1263.631106638229,54.73649296354749
2025-01-15,1241.478515625,1246.2374660533972,1231.2171573529768,1234.2905907014622,9578856,1.0857618472363662,1222.6314086914062,1252.4806201171875,1233.9776590652384,1262.7623775788868,60.119161202432146
2025-01-16,1255.6065673828125,1264.0834104275011,1240.586378973141,1248.1212833322295,14117603,1.1380021144143493,1223.2857543945313,1251.7727319335938,1236.0375550954836,1262.4817575711975,62.210808322653506
2025-01-17,1291.19921875,1314.6467509950228,1273.997794139219,1310.9288585996749,29366277,2.8346977701285025,1226.8499755859375,1251.7142358398437,1241.2910468721043,1263.607932519386,71.67180922889517
2025-01-20,1294.272705078125,1304.7324245206253,1289.1172758229052,1304.7324245206253,14040244,0.23803347179069956,1231.8145935058594,1251.3196459960936,1246.3369190822016,1264.8104726197287,71.44901952269001
2025-01-21,1262.7945556640625,1301.7581181984158,1259.324522599558,1299.2795231523412,14562976,-2.4321110451110406,1234.3625854492188,1250.6861181640625,1247.9043130423788,1264.7314170528398,61.12408655433043
2025-01-22,1266.16552734375,1271.9159165250771,1257.8374234010246,1267.355325635656,10273590,0.26694537639297966,1237.056817626953,1250.5542578125,1249.643476309176,1264.787656672091,58.07412030158192
2025-01-23,1252.8306884765625,1266.4133410521551,1250.798192108795,1259.1262957502838,8720682,-1.053167108029096,1239.3916564941405,1250.3748120117189,1249.9470203251176,1264.318755958541,52.806487175035855
2025-01-24,1235.6292724609375,1262.100619607451,1232.8531975505623,1255.1605533566642,14235970,-1.3730040438697966,1240.6433471679688,1249.8206005859374,1248.5834252904338,1263.1936781743213,56.839062778019446
2025-01-27,1218.82421875,1229.8291557820492,1209.5542981292017,1228.4907387555406,9536019,-1.3600401095603454,1241.5678649902343,1249.3704858398437,1245.749215143726,1261.4536993733675,47.139320929839386
2025-01-28,1223.8310546875,1234.0924134746083,1208.0671667554209,1227.4002071753887,10568025,0.4107922914950768,1242.507257080078,1248.7121704101562,1243.661771290752,1259.9783015425492,41.42779378106954
2025-01-29,1224.921630859375,1232.109556252925,1217.53546627882,1225.4173498520336,5928156,0.08911166028169326,1243.2136596679688,1248.211494140625,1241.8769960115733,1258.603530143209,44.395927543421465
2025-01-30,1242.3214111328125,1246.237542749693,1221.8481926097395,1224.971246456504,9269259,1.420481101409754,1243.7713439941406,1248.4375439453124,1241.9193212612151,1257.965015672213,53.15953820550483
2025-01-31,1254.2681884765625,1256.1519448799122,1238.306060895825,1245.09738698474,6584612,0.96164947627011,1244.462872314453,1249.2723364257813,1243.095403853153,1257.8200420566973,56.77124365145349
2025-02-01,1253.7724609375,1259.6715896071485,1230.374548522757,1254.2681799336815,7118453,-0.03952324898430781,1246.7729187011719,1249.2564721679687,1244.1122664326147,1257.6613133853564,56.954519858226504
2025-02-03,1235.232666015625,1245.2461659154887,1226.9541826685895,1240.2889757645512,9252345,-1.4787208604033264,1247.0232666015625,1248.441513671875,1243.266590202425,1256.7817585865434,48.351706408777844
2025-02-04,1274.196044921875,1277.7653184740125,1235.9265630557768,1237.3642207434832,16691069,3.1543352097326283,1247.9998291015625,1248.2333129882813,1246.2122525566585,1257.4646717761643,54.337266973542626
2025-02-05,1267.2559814453125,1279.4507170461238,1265.7688244708304,1271.667953084696,10112028,-0.5446621423933262,1249.162286376953,1247.9358813476563,1248.216417212721,1257.8486447043663,43.55140223787315
2025-02-06,1270.577392578125,1276.9721191435924,1259.473214579181,1262.7945076095025,9956001,0.26209472919784815,1251.1278137207032,1248.1490405273437,1250.346033914188,1258.347811287651,43.62668680434711
2025-02-07,1255.8544921875,1272.7089385364054,1251.1947819010977,1265.2236540965398,8764283,-1.158756678390982,1252.4588195800782,1247.643408203125,1250.8706489878368,1258.2500340680372,47.94842056566476
2025-02-10,1242.916259765625,1255.656213725916,1234.8856362555491,1253.673337746878,6970972,-1.0302333990412138,1253.197442626953,1246.5429125976561,1250.113088109531,1257.6487095855896,43.495135815995724
2025-02-11,1224.2772216796875,1253.7230036544372,1219.567891058193,1253.7230036544372,8859714,-1.499621389573924,1252.3373779296876,1244.7890576171876,1247.6525294019268,1256.3400237853582,42.24136901642411
2025-02-12,1206.1339111328125,1216.39526992,1183.1324776076383,1209.0089844264594,21131654,-1.4819609664862288,1249.8637451171876,1242.9568823242187,1243.6983752810588,1254.3711566225134,42.02624982344796
2025-02-13,1205.6876220703125,1217.4857574427408,1201.622750831109,1206.6295607029597,8511216,-0.03700161801112323,1245.5881652832031,1240.8560229492186,1240.078303546702,1252.4619984047802,46.10407617569181
2025-02-14,1206.827880859375,1213.5200872227356,1195.1288642881832,1208.56289732395,10298145,0.09457331801288049,1241.2159240722656,1238.9861694335937,1236.9115966240995,1250.6724251677056,44.839000835897345
2025-02-17,1214.4124755859375,1216.9901902768092,1194.1871154284454,1200.7305822668588,8166683,0.6284736081139775,1238.7968200683595,1237.5932006835938,1234.7688231918937,1249.2504663605775,46.93112379665019
2025-02-18,1214.908203125,1219.3696743222742,1205.6877809072391,1214.362863790828,6673250,0.040820359558924046,1236.233953857422,1236.414384765625,1232.8773355664753,1247.9037109395745,41.11792015149874
2025-02-19,1216.9404296875,1222.1950990873445,1207.125291073852,1209.0585466128707,6217338,0.16727408352932294,1234.4394409179688,1235.4080737304687,1231.359535006573,1246.6894646159635,37.075140179331484
2025-02-20,1222.4429931640625,1228.738599945727,1211.5371757068,1213.4704313005311,7795582,0.4521637495415787,1233.780126953125,1234.8151928710938,1230.5103405453815,1245.738622598242,39.51559072359095
2025-02-21,1217.634521484375,1229.3830367840983,1211.6858938870323,1218.1797397323817,6904025,-0.3933493591583903,1233.7206420898438,1233.92884765625,1229.2840720633808,1244.6365009859337,43.5147614257772
2025-02-24,1204.151123046875,1212.7765856074127,1200.1357505642943,1206.13399913207,7172498,-1.1073436404433479,1232.7366455078125,1232.8630541992188,1226.8904578713327,1243.0488391059705,18.21874591524083
2025-02-25,1193.69140625,1210.5458530159883,1191.2128111373545,1200.631472565407,11552182,-0.8686382129851511,1231.1751342773437,1232.0441259765626,1223.7286434312057,1241.1132535037757,17.65486340932975
2025-02-27,1196.7647705078125,1204.597154814102,1190.370043898487,1202.416039651657,11509215,0.25746723497552804,1228.8973022460937,1231.1290283203125,1221.1606555337396,1239.3740973078557,17.474856032024206
2025-02-28,1189.82470703125,1206.9270123506617,1183.0830013175257,1191.7084634163882,23007298,-0.5799020532345489,1225.6751281738282,1230.5272265625,1218.1762794858835,1237.430983963675,18.761708959447432
2025-03-03,1161.2216796875,1196.1202465389174,1146.1022512006402,1193.6912720117396,17944938,-2.4039698599903736,1221.047589111328,1229.8520532226562,1212.7520318860375,1234.4423837959819,16.33984363997763
2025-03-04,1151.9517822265625,1163.948157257321,1149.6219272411693,1152.2491409974891,11377373,-0.7982883563999676,1216.883544921875,1228.65439453125,1206.9615319184684,1231.20745824424,17.70692985554261
2025-03-05,1165.534423828125,1172.8710888254675,1147.093702257875,1151.0594540375048,8664095,1.1790981021192692,1211.4504638671874,1227.7194653320312,1203.0160930527213,1228.6320451298825,31.10284851301644
2025-03-06,1199.2432861328125,1203.5560168880777,1175.0026773522586,1186.7511925218207,14468014,2.892137856724375,1208.0498291015624,1227.5816528320313,1202.6567781079682,1227.4795447770562,47.70965474754662
2025-03-07,1239.0992431640625,1244.0564330934674,1201.622838887705,1205.5885908312289,16474965,3.323425487731768,1206.4759216308594,1228.151728515625,1206.1274890656916,1227.9352192236056,58.99422242998158
2025-03-10,1227.796875,1247.2290360950196,1224.8225609234617,1234.340341763354,11931051,-0.91214390020945,1205.0730407714843,1228.7009887695312,1208.1912401070545,1227.9297939599346,53.65457751290742
2025-03-11,1236.62060546875,1238.801720552263,1219.2208210077197,1229.3830600118497,10089838,0.7186637014978459,1204.7582580566407,1229.3325366210938,1210.8987987129303,1228.2706100975354,55.67062502231676
2025-03-12,1246.2872314453125,1252.186239348891,1233.3489166666827,1247.2290491693625,11977555,0.7816969840073407,1205.8587585449218,1230.0424096679687,1214.2691256398239,1228.9771442680365,57.37057973387194
2025-03-13,1237.2154541015625,1253.326320946517,1233.2000819547634,1249.2614495168184,9505270,-0.7279042194173413,1207.4128356933593,1230.1633642578124,1216.4544902552275,1229.3002152419003,53.64482310789418
2025-03-17,1228.242919921875,1246.6341428999226,1222.5421515247892,1231.514713672869,16640917,-0.7252200212939597,1208.5406005859375,1229.9194702148438,1217.5771978425273,1229.2587526803309,52.56472004816376
2025-03-18,1228.242919921875,1228.242919921875,1228.242919921875,1228.242919921875,0,0.0,1209.6113525390624,1230.3328979492187,1218.5929808977035,1229.2189161015679,56.230726295079315
2025-03-19,1236.471923828125,1242.5196714129374,1228.1934407470596,1230.4241762433128,16162399,0.6699817904729732,1210.7143249511719,1230.457822265625,1220.2957373672675,1229.5033477771192,61.19323662239938
2025-03-20,1258.283447265625,1262.1004590128364,1239.3470073959113,1241.1315230182402,15971477,1.7640128350000284,1212.8830871582031,1230.5301953125,1223.9136145004443,1230.6319791296096,64.65861117526366
2025-03-21,1265.421875,1270.0320859338292,1259.225387461291,1264.0834578966685,21780769,0.5673147612239138,1215.3071594238281,1230.95849609375,1227.8667821670685,1231.9962887715856,67.99620833909677
2025-03-24,1290.951416015625,1294.818048481818,1273.2542716407156,1279.946478246575,20299319,2.0174727116697655,1218.7325805664063,1232.1521875,1233.8748425335978,1234.3082545458617,81.34130373236445
2025-03-25,1274.4439697265625,1296.50346593687,1271.6183955406093,1296.50346593687,13713899,-1.2787039143588252,1221.5730529785155,1233.0563793945312,1237.7385689329276,1235.8822041607912,78.59288893447994
2025-03-26,1262.150146484375,1282.722484204843,1257.8869148358597,1279.9464094999762,12074747,-0.9646421132837424,1224.4730041503906,1233.7365063476564,1240.0634810806846,1236.9123195460297,72.6891613900464
2025-03-27,1267.2559814453125,1273.9978081396894,1260.4151561828105,1267.2064821612498,15028056,0.4045346724523613,1228.1512329101563,1234.2520556640625,1242.6532430201728,1238.1022670714917,68.45076616578004
2025-03-28,1264.1824951171875,1284.655712816062,1258.1347478785124,1269.0405652360091,18147129,-0.2425308203808707,1231.522119140625,1234.42357421875,1244.7036479817934,1239.1250211124993,58.50129164756638
2025-04-01,1241.8751220703125,1266.9585500115554,1238.603449529153,1253.7723771839194,12099648,-1.7645690501992828,1234.1246398925782,1233.4370922851563,1244.4342645616525,1239.2328682088842,54.440215386771406
2025-04-02,1240.4376220703125,1244.799973278983,1233.2496968938565,1236.868469635997,10142590,-0.11575237916060521,1238.0854370117188,1232.360390625,1244.0536319434298,1239.280113458352,51.26270111187477
2025-04-03,1238.008544921875,1241.0820994494682,1222.4926375090713,1222.4926375090713,7434366,-0.1958242079422967,1242.3882751464844,1231.8646704101564,1243.4779093699483,1239.230248025549,47.123605360640404
2025-04-04,1194.38525390625,1234.7863505024063,1182.9342181609516,1230.473619610667,17908652,-3.5236663910407695,1243.8308166503907,1230.4290649414063,1238.8024183734055,1237.4716208051843,37.99997947925181
2025-04-07,1155.71923828125,1161.2217676393543,1105.3046397460778,1122.506064991245,22156106,-3.2373152212439305,1241.6546142578125,1228.4868359375,1230.8897345551052,1234.265645019932,32.579182070673895
2025-04-08,1172.0780029296875,1186.3547349162204,1153.3399207865864,1161.9653833278503,19555040,1.4154618272830488,1238.3035522460937,1227.215810546875,1225.2886172574463,1231.8269139575696,37.49172871827077
2025-04-09,1175.2010498046875,1179.613021672609,1157.9996241138483,1159.4867811653644,10223104,0.26645384242292014,1235.673760986328,1226.3433471679687,1220.518372738136,1229.6062918339271,36.03704752563055
2025-04-11,1208.5133056640625,1212.1816988912135,1184.917153801556,1184.917153801556,11224242,2.834600587270697,1234.2683959960937,1226.0369921875,1219.3750330167954,1228.7791159056972,39.22285114938245
2025-04-15,1229.4822998046875,1240.288998738938,1226.5079856590305,1240.288998738938,13378535,1.735106601006997,1233.4281494140625,1226.1282055664062,1220.3376298537376,1228.8066917448732,42.65749438495352
2025-04-16,1228.689208984375,1230.2754856402491,1218.477348782242,1223.5336585713449,8248464,-0.06450607873236258,1233.0018371582032,1225.8555615234375,1221.1330183423697,1228.8020845777949,35.849498401988626
2025-04-17,1263.5877685546875,1269.238916912585,1217.0893007676923,1229.5813957339365,15398401,2.8403081361119353,1234.7690795898438,1226.041953125,1225.1763278864,1230.166229047477,47.72302729274413
2025-04-21,1284.407958984375,1289.761748514388,1256.151975324742,1259.126289394177,10429964,1.6477043342625786,1237.5773315429688,1226.6546630859375,1230.8174356100167,1232.293355711669,54.507135836990074
2025-04-22,1280.1446533203125,1292.7359881039044,1275.286704106908,1288.869355831382,13051707,-0.33192768965972785,1239.760968017578,1227.5529028320314,1235.51526586814,1234.1698771865179,52.61885084475699
2025-04-23,1288.869384765625,1294.8180126953123,1274.3944143417475,1285.8950708007812,10480888,0.6815426227561927,1241.290264892578,1227.8463696289064,1240.5966105250434,1236.3149559151102,54.90352017636039
2025-04-24,1290.4556884765625,1293.3308829080645,1279.2525115884996,1281.3345072026398,10468940,0.12307715038371025,1242.5419555664062,1228.3103637695312,1245.345094139474,1238.4381218979124,60.51504073675989
2025-04-25,1289.2659912109375,1313.85358083958,1277.071255478384,1292.3394247863746,14431012,-0.09219202768825374,1242.4576843261718,1228.6841357421874,1249.5280367177088,1240.4313716748939,60.580025857453904
2025-04-28,1357.080322265625,1362.830589793996,1308.8963407951755,1328.5268607294431,31104496,5.259917776237399,1246.589501953125,1230.70865234375,1259.7711115317961,1245.005840325511,70.1037922506183
2025-04-29,1387.7156982421875,1398.8198762816546,1358.2700385179512,1359.2614765022709,32538970,2.25744751242265,1252.8677795410156,1233.6046411132813,1271.956310266119,1250.6023053418512,84.13866510777922
2025-04-30,1392.9703369140625,1400.3070020394923,1357.2785702742715,1389.9960230274132,25480745,0.37865383223170124,1259.153497314453,1236.9785034179688,1283.4814556611614,1256.1853654035067,97.498994328649
2025-05-02,1407.6436767578125,1414.4845019236116,1397.0352178747166,1401.8932881277126,13007841,1.0533849468939094,1266.3265563964844,1241.0086987304687,1295.3064290989375,1262.1249070252443,97.48200128931298
2025-05-05,1419.0452880859375,1427.1750314493302,1414.6829365878357,1418.747808269532,12685649,0.8099785134819015,1275.1850646972657,1245.2758520507812,1307.0910823357947,1268.278647458997,97.5633218217179
2025-05-06,1408.7342529296875,1419.7391903256466,1398.5223933042987,1418.7477523435757,14084117,-0.7266177649733696,1283.5998962402343,1249.3139794921874,1316.771384297118,1273.786710418632,92.90414453288076
2025-05-07,1393.9617919921875,1412.20427492599,1390.6899982666434,1408.7342420156256,13440169,-1.04863361608325,1291.39755859375,1252.9049658203126,1324.1228516966485,1278.4994587156343,86.20684466228127
2025-05-08,1394.9532470703125,1408.635139694706,1386.030305191398,1392.0780527042998,16106175,0.07112498232164643,1301.425958251953,1256.5058666992188,1330.8686036369975,1283.0662739452296,86.56774120799315
2025-05-09,1365.408447265625,1382.8578539346386,1362.731612914777,1373.6374315703338,13668904,-2.1179777793082,1311.910418701172,1259.4752270507813,1334.1581125540094,1286.2953787813235,72.93431297556705
2025-05-12,1424.20068359375,1426.679278587822,1388.0131966802994,1388.0131966802994,10674081,4.305835110795075,1324.516552734375,1263.510380859375,1342.7335955101753,1291.7034299504382,76.88783660804093
2025-05-13,1403.5787353515625,1435.3047515134413,1400.307062549957,1421.2263802516663,11407896,-1.4479664614505894,1335.9354370117187,1267.2292651367188,1348.5283707331644,1296.090696828914,72.33583852720753
2025-05-14,1412.2042236328125,1417.6571322938998,1403.380401776207,1407.8418724989149,5570160,0.6145354061017017,1346.1199829101563,1271.3903271484376,1354.592737675988,1300.6441684682825,72.32589887265544
2025-05-15,1441.7491455078125,1448.8875719918406,1400.6044669576877,1412.7992032271827,20177211,2.092113971943621,1356.7333251953125,1276.3514819335937,1362.8933479456855,1306.1776969796365,74.86961170051384
2025-05-16,1443.9302978515625,1448.4908883531898,1434.9082364412498,1440.757623701411,9036695,0.15128514905287105,1367.495379638672,1281.2947924804687,1370.611152698626,1311.5797597589278,75.34111228004208
2025-05-19,1428.4638671875,1442.1456384779733,1425.886031660542,1439.667043567546,6195791,-1.0711341598050206,1375.7391845703125,1286.0675756835938,1376.1209350308998,1316.163450246323,64.11763740200746
2025-05-20,1412.402587890625,1432.6279478297215,1409.6266340324114,1425.8861208416397,11270560,-1.1243742082533759,1382.138916015625,1291.0911938476563,1379.5763305413498,1319.9375340755114,55.18103587412927
2025-05-21,1416.963134765625,1423.9032007341596,1405.9581972205492,1411.7085860045363,6136364,0.3228928433082867,1388.9798400878906,1296.3914208984374,1383.1369785627094,1323.7424595927707,55.05007967629994
2025-05-22,1397.332763671875,1411.6094953044076,1384.9397884743898,1409.031659643212,12134466,-1.3853833322909237,1394.403009033203,1301.0273876953124,1384.4889580969157,1326.6283538703826,47.87408883588954
2025-05-23,1414.5838623046875,1421.5239286750705,1394.5567410207764,1394.5567410207764,6474883,1.2345734016484755,1400.6094177246093,1305.33419921875,1387.3551394500366,1330.0775894952574,49.10180553111634
2025-05-26,1422.5152587890625,1428.6621258406371,1412.898237790455,1419.7391840414937,4842944,0.5606876125006099,1407.2718811035156,1309.00251953125,1390.7037222442295,1333.7025961342301,52.80129546329785
2025-05-27,1409.9239501953125,1424.696400543767,1401.794207036506,1413.8897021801247,12640414,-0.8851440092437768,1409.9140625,1312.6450610351562,1392.5342201443327,1336.6916688425079,53.27369209539126
2025-05-28,1400.802734375,1410.419634290124,1398.6214982222443,1407.9410393609537,5944611,-0.6469296318463824,1410.5684143066405,1315.9287036132812,1393.3216976901108,1339.2058282751548,51.16096179648535
2025-05-29,1405.660888671875,1407.842003929875,1396.5395861721686,1400.0096192804465,13771917,0.3468121654575773,1411.2029418945312,1319.1161767578126,1394.496858735993,1341.811909075026,58.85690802726789
2025-05-30,1408.7342529296875,1418.3511529457182,1397.630074915406,1405.8590585766528,13788484,0.21864194149390226,1411.257470703125,1322.546552734375,1395.8528010401546,1344.4363147163854,45.4913275462411
2025-06-02,1401.5958251953125,1405.3633379328091,1383.650821945961,1400.0095486308933,8098668,-0.5067263552035794,1410.3849975585938,1326.0136108398438,1396.3997557215982,1346.6778641469316,49.37263637936575
2025-06-03,1393.4661865234375,1414.2863856817387,1391.384190812638,1410.1223942601396,11252626,-0.5800273178426574,1409.6215942382812,1329.318076171875,1396.1203681789161,1348.5127003185594,44.05290098422238
2025-06-04,1411.31201171875,1413.4931269376204,1394.0609660849138,1402.5873087929724,8126827,1.2806787396711927,1410.4891052246094,1332.8148779296876,1397.567191373186,1350.9754184126846,39.564903329056186
2025-06-05,1430.0501708984375,1442.244785474372,1411.4110884077943,1415.7734397380668,13716817,1.3277120171936607,1412.2439514160155,1336.2502124023438,1400.6608084708291,1354.0763890984003,45.726488659443554
2025-06-06,1431.1407470703125,1439.0722510374496,1424.6964000970136,1428.6621520805822,8182161,0.07626139236709406,1415.53056640625,1339.56458984375,1403.563659766018,1357.0985207835733,50.90422079662475
2025-06-09,1436.3953857421875,1445.0208477095389,1432.9253528317358,1444.5251287223314,7885125,0.3671643535153146,1416.1403015136718,1342.4734692382813,1406.6904908113675,1360.2082017623427,58.742792886163855
2025-06-10,1426.1834716796875,1441.4516401070769,1423.704876838395,1437.5850079496329,7913181,-0.7109403277025583,1417.2705383300781,1345.5082592773438,1408.546965179779,1362.7954672492974,53.22691584377102
2025-06-11,1436.4945068359375,1456.0257865422643,1430.7441181682643,1433.4210733170682,8195700,0.7229809741173154,1418.4850524902345,1348.995146484375,1411.208635813699,1365.6856256644598,64.66218470496293
2025-06-12,1429.257080078125,1444.5252503749707,1422.1187744712338,1441.0552171722854,8828114,-0.5038255784043266,1417.86044921875,1352.2351684570312,1412.9275352674538,1368.1786238767604,55.93898316473696
2025-06-13,1415.67431640625,1423.2092208521976,1402.1907840779525,1411.8076840776937,9757276,-0.95033733687242,1416.4476501464844,1355.2650048828125,1413.1891334711488,1370.0412000543874,47.35225776945399
2025-06-16,1425.4896240234375,1430.050214679878,1412.204330439343,1414.6829254727506,8458093,0.6933309097606699,1416.2989379882813,1358.937294921875,1414.360608761843,1372.2156480531737,56.15689622206041
2025-06-17,1418.946044921875,1435.6022520574631,1413.59237643736,1435.6022520574631,10366599,-0.4590408089462872,1416.6261108398437,1362.5074633789063,1414.7973169675604,1374.0482126362601,57.32584663976136
2025-06-18,1417.85546875,1430.4468040463896,1413.4931173168031,1417.7563491543892,6681735,-0.07685818469123085,1416.6707275390625,1366.1044018554687,1415.088569518269,1375.7661442485637,55.0783990369658
2025-06-19,1421.0281982421875,1427.5716651338516,1413.493172280418,1417.8555238832446,10007230,0.22376959867316248,1417.8554992675781,1370.6372607421874,1415.6542484443564,1377.5411267581176,55.11554574896483
2025-06-20,1453.6463623046875,1458.4053131642288,1415.8725983169522,1418.7477927518771,29010635,2.2953917524542122,1419.8086242675781,1376.5958032226563,1419.2725450024832,1380.5256457991597,67.86930203788108
2025-06-23,1444.326904296875,1451.266970188698,1429.6535737155343,1440.5593915455418,5989078,-0.6411090241396078,1420.8992065429688,1382.04078125,1421.658674459092,1383.0276559363251,67.31933933519502
2025-06-24,1438.3782958984375,1462.371047039812,1430.744150698803,1452.4566670598808,16402744,-0.411860249971141,1422.321923828125,1387.304326171875,1423.2510193580774,1385.1982692681727,60.029383374329534
2025-06-25,1454.737060546875,1459.7933702625824,1447.9952335758323,1451.4652666586912,7525851,1.137306138106009,1425.0186401367187,1392.2288012695312,1426.2496899474868,1387.9252806908669,59.311904005451716
2025-06-26,1482.497314453125,1485.967347510806,1452.5558137403293,1456.5215658062507,14657893,1.9082660818315889,1428.8604614257813,1397.2891015625,1431.6066065670714,1391.63398789723,66.12702041517265
2025-06-27,1502.4251708984375,1508.9686374999123,1484.083567880206,1486.5621628826696,11117052,1.34420860335005,1433.5450073242187,1402.7638208007813,1438.3512317414873,1395.9787401717872,68.98515768902466
2025-06-30,1487.7518310546875,1511.7447031481738,1483.191240482831,1500.838885203447,8409527,-0.9766436377643628,1437.8528076171874,1407.2471020507812,1443.056050723697,1399.577684912293,67.25958919297746
2025-07-01,1515.3138427734375,1518.2881567329412,1487.256099345396,1487.751818338647,10368523,1.8525947099128137,1443.9451904296875,1411.8652197265626,1449.9377452046247,1404.116357769593,70.1469754949315
2025-07-02,1505.7960205078125,1516.900077238324,1495.7824003020085,1515.3138007089854,6361002,-0.6281089763032099,1448.6693908691407,1416.3782470703125,1455.2575809477855,1408.1037955240329,69.33863829131005
2025-07-03,1504.8046875,1518.7839394915495,1500.0457365549344,1507.7790015843786,11283291,-0.0658344818495471,1452.4071166992187,1420.696953125,1459.9763530003775,1411.8959873662277,74.05031436597153
2025-07-04,1514.223388671875,1516.900223008299,1504.2097675037892,1510.9515946827762,6603501,0.6259085481400639,1456.5612487792969,1425.1723071289061,1465.1427373500437,1415.908826633116,73.99465382210788
2025-07-07,1528.3016357421875,1531.5734294639212,1511.942909183805,1513.5291857359532,7251074,0.9297338276263556,1461.156561279297,1429.9530200195313,1471.157870530248,1420.3163877746483,78.41322058218111
2025-07-08,1524.4349365234375,1531.672481820406,1517.0982716385254,1522.8486600409224,7171261,-0.2530062867381666,1466.0691345214843,1433.3001123046874,1476.2318768153136,1424.399468117738,77.2981122353587
2025-07-09,1505.9942626953125,1537.7202774459709,1497.170440637757,1523.5426661942138,8870660,-1.209672737504952,1469.544122314453,1435.66568359375,1479.0663897562658,1427.5992639835251,70.1836953420234
2025-07-10,1504.2095947265625,1511.6453792793734,1494.5926951149827,1506.688189577499,10047129,-0.1185043006442732,1473.291748046875,1437.89046875,1481.460980705818,1430.6035906793306,64.07282833224613
2025-07-11,1482.3980712890625,1502.0285923917668,1477.540121836759,1499.0542783474266,7234991,-1.450032197239437,1476.6279357910157,1439.385556640625,1481.5502274280316,1432.6347467816731,59.90711651413741
2025-07-14,1470.9964599609375,1487.156947197204,1466.4358695278945,1479.4236826617216,10311846,-0.7691329035668826,1478.9032775878907,1440.424580078125,1480.54510671688,1434.1391276906638,58.253855287560405
2025-07-15,1472.6820068359375,1483.6869442622558,1469.7076928815193,1473.4750846086956,8132454,0.11458537942672375,1481.5900756835938,1441.70353515625,1479.796240061552,1435.6506131473413,54.90512738549587
2025-07-16,1472.8802490234375,1478.234038357326,1458.9009976142222,1460.388154594461,10409983,0.013461303022643811,1484.3413146972657,1443.281904296875,1479.1375742483983,1437.1105988679726,46.90487508790401
2025-07-17,1463.7591552734375,1476.8460890701654,1461.2805601585153,1474.664973779095,11854613,-0.6192692010126066,1486.4778625488282,1444.6580224609374,1477.6729629174497,1438.155640295638,36.625523786361036
2025-07-18,1463.362548828125,1472.0872520008463,1456.5216021387355,1472.0872520008463,10296318,-0.027095061635218354,1486.963671875,1446.6171044921875,1476.3100663375142,1439.1441465125984,40.63929251104046
2025-07-21,1416.3682861328125,1463.362470991638,1410.9153771961903,1452.456653118394,22442744,-3.211388916092317,1485.565740966797,1446.4604565429688,1470.6013253656379,1438.2509755173126,16.953604044357476
2025-07-22,1400.70361328125,1419.640054314783,1398.6214967228643,1415.178583447059,20396320,-1.1059745551301958,1483.6820068359375,1446.4029541015625,1463.94440040522,1436.778529939428,16.284956784974412
2025-07-23,1412.402587890625,1413.7906253323065,1402.2899684336514,1413.7906253323065,8354596,0.8352212772528844,1481.565283203125,1446.4069213867188,1459.035656356211,1435.8226106433965,22.26187125862606
2025-07-24,1390.888427734375,1410.81630780687,1384.0474811654185,1407.0487949065318,14740507,-1.5232314313711859,1476.9848388671876,1445.38970703125,1452.5454441065122,1434.0604858234349,15.48274820676734
2025-07-25,1379.7841796875,1389.0046012536309,1372.2492752918663,1386.9226057137396,11854722,-0.7983564911071106,1470.8527893066407,1444.1067846679687,1445.61579987613,1431.932003229869,7.7314054037152715
2025-07-28,1375.71923828125,1395.7463569486692,1373.1415238854815,1380.3790691362324,7748361,-0.294607045514228,1465.2511596679688,1443.0518920898437,1438.9589844861416,1429.7275810750214,7.72269105279706
2025-07-29,1404.9666748046875,1408.04010820105,1371.1586653944223,1371.1586653944223,10750072,2.125974232938521,1459.7338012695313,1442.903173828125,1435.7216216593365,1428.7565651428515,22.942129587248942
2025-07-30,1398.026611328125,1411.113664716939,1389.3020300940543,1405.9581148273558,7209849,-0.49396641223018456,1454.3453308105468,1442.524443359375,1432.1316206754118,1427.551468914823,22.325607143379827
2025-07-31,1378.2969970703125,1390.5908519212596,1370.365493427784,1376.215001569177,17065827,-1.4112474038723288,1448.0199462890625,1442.1437280273437,1427.0045136654023,1425.619920999352,22.570545619693732
2025-08-01,1381.76708984375,1393.8627060383,1372.4476694796913,1375.025384070285,10321171,0.2517666933043783,1441.3971313476563,1441.487392578125,1422.6961875871498,1423.9002021305048,25.463512159033144
2025-08-04,1399.4146728515625,1403.975263237478,1379.7841529413568,1383.155066191865,6312820,1.2771749405182442,1434.952783203125,1441.025380859375,1420.4789004694749,1422.9399852960364,31.478690523800353
2025-08-05,1379.7841796875,1398.918980991344,1376.2150271869518,1398.918980991344,9315972,-1.4027645661354837,1427.7202453613281,1440.4225854492188,1416.6032127759534,1421.2476007623684,28.57143659936129
2025-08-06,1380.874755859375,1383.9481891450812,1371.4560958071288,1379.982437544135,5834312,0.07903961995867625,1421.4642700195313,1440.0240258789063,1413.2005025934222,1419.6643519426432,30.189558940664
2025-08-07,1377.5040283203125,1381.7671392504185,1354.3043541251443,1375.818511047819,9976705,-0.2441008878437123,1415.1289916992187,1439.460888671875,1409.8008383769356,1418.011005918238,29.766368502237242
2025-08-08,1356.0888671875,1385.2370458989403,1353.312792536344,1373.1415514013454,8793606,-1.554635100336188,1408.8135314941405,1438.4079809570312,1404.6854125493703,1415.5826867523267,33.846984203829166
2025-08-11,1374.331298828125,1376.1159356273254,1349.5453489789295,1358.2700517359046,9997486,1.345223906930193,1403.9802734375,1437.8626904296875,1401.7945445759183,1413.964985265103,43.029338199802275
2025-08-12,1368.5810546875,1389.8969719255274,1363.4255044148415,1370.0682117041065,12244664,-0.4184030550368867,1398.7752258300782,1437.3649877929688,1398.6313550627356,1412.1852232816677,38.041134770673985
2025-08-13,1370.7620849609375,1379.8833867126675,1365.7057756228248,1376.115874093997,7457021,0.159364347911084,1393.6693176269532,1436.5539892578124,1395.9771388625643,1410.5607864847764,43.85960077256371
2025-08-14,1367.4774169921875,1374.3455639562076,1363.794372575189,1370.961308962897,7126128,-0.2396234915443829,1388.8552307128907,1435.3025341796874,1393.262879636814,1408.871242583106,46.05716922764053
2025-08-18,1375.3409423828125,1388.4802648218374,1370.662621833986,1383.602791829514,11785109,0.5750387752597064,1384.454150390625,1434.1865380859374,1391.5560284697663,1407.5563288497615,49.881681700484805
2025-08-19,1413.564208984375,1414.460091190419,1382.7068811681168,1383.6027633741608,14384719,2.77918481328272,1384.313946533203,1433.7299145507814,1393.6520456616338,1407.7919319922955,52.546067514837695
2025-08-20,1406.4969482421875,1418.342205158243,1403.510755146132,1406.4969482421875,8725641,-0.49996036241362063,1384.60361328125,1433.3361840820312,1394.8753697169248,1407.7411483158207,52.50651109866888
2025-08-21,1418.24267578125,1425.3099750709036,1413.7633861810953,1418.441706715632,11021323,0.8351050852788644,1384.8956176757813,1432.9711474609376,1397.1008274373366,1408.1529729223082,62.40681664974435
2025-08-22,1402.71435546875,1416.84907536351,1401.4204113959267,1413.464698965694,5818868,-1.0948986783200665,1385.4869140625,1432.44029296875,1397.635449154614,1407.9396938064826,56.05268801426685
2025-08-25,1406.0987548828125,1412.9670232567023,1399.230486508923,1408.189065733516,5979407,0.2412750251587381,1386.8026428222656,1432.2487817382812,1398.441478271585,1407.8675001232016,52.104853664312046
2025-08-26,1378.5262451171875,1403.5107021083377,1375.241384232256,1401.519906786198,12145259,-1.9609227068779322,1386.9429931640625,1431.3095141601561,1396.5447893997375,1406.7168626719854,49.62274000947452
2025-08-28,1379.521728515625,1385.7926612650012,1360.2109883890075,1383.50331940736,13161813,0.07221359781603987,1385.6707458496094,1430.5210278320312,1394.9235455060125,1405.6503868227164,49.593989699558236
2025-08-29,1350.9537353515625,1397.0406983353937,1343.7869203796088,1374.7437651325777,18758842,-2.070862138199292,1383.3171020507812,1429.1829931640625,1390.735944538922,1403.5054200983575,43.07944605022509
2025-09-01,1347.6689453125,1356.9260708455383,1334.430107544873,1349.759256141992,11232238,-0.24314600515965568,1381.7856994628905,1427.7158081054688,1386.634325564977,1401.3157544204807,47.576186922035696
2025-09-02,1360.2109375,1378.128095842481,1348.2661652716797,1348.5648331807902,11517006,0.9306434069823899,1380.7078918457032,1425.847099609375,1384.1178124159317,1399.703800815756,45.79729164123402
2025-09-03,1366.2828369140625,1370.1649121838109,1354.2385492379765,1363.396159328429,7847563,0.4463939560155561,1379.0513000488281,1424.2862182617187,1382.4192433205155,1398.3931747803956,49.31727804737242
2025-09-04,1353.0440673828125,1367.676364160165,1350.8541196588233,1365.4865379446771,13223177,-0.9689625876550978,1377.7142944335938,1422.5795336914061,1379.6216075169248,1396.614778411863,45.061058769405825
2025-09-05,1368.671875,1374.6442613636364,1353.0441792852228,1356.7271022727273,5777575,1.1550109855192225,1377.104150390625,1420.8582299804686,1378.578775848646,1395.5189782780647,50.31152122323894
2025-09-08,1372.15576171875,1379.6212446443146,1366.08385990766,1373.6488583038629,6986720,0.25454506535760313,1376.836737060547,1418.6513989257812,1377.9670602172273,1394.602773707111,49.14986632052708
2025-09-09,1369.8662109375,1374.843199236951,1362.4007284883237,1370.264394303157,9754452,-0.1668579358936717,1377.5256042480469,1416.0002197265626,1377.195550762015,1393.6327124220284,35.56873008501361
2025-09-10,1370.66259765625,1382.1096709119122,1367.7759200987732,1377.5308659113482,7790815,0.05813609478000359,1377.3421691894532,1413.6584350585938,1376.573364751942,1392.7319236076842,37.65435473601249
2025-09-11,1376.9337158203125,1379.1235422027223,1368.6718661340626,1369.667263854887,9766072,0.4575245705825681,1377.7598022460938,1410.8908325195312,1376.6076839013106,1392.1123860473951,35.2103442760082
2025-09-12,1388.579833984375,1389.873899637371,1374.146566892781,1376.9337291414593,7403368,0.8458009292861446,1378.6506896972655,1408.5465087890625,1377.7478886711262,1391.9738545939435,44.79478534502135
2025-09-15,1392.8599853515625,1394.3530818320328,1382.209157552439,1386.5889315301856,5396697,0.30823948774383325,1379.9198181152344,1406.3076147460938,1379.1871359740248,1392.0086048197325,45.15661118197051
2025-09-16,1398.8323974609375,1401.5199225726965,1391.7649767809332,1398.2350616507645,8686961,0.4287876866437168,1381.0943908691406,1403.999794921875,1381.0581132584928,1392.2762045311522,58.82351693117202
2025-09-17,1407.2933349609375,1409.6821922648512,1400.4250664409112,1400.5245819104894,7519417,0.6048571305152572,1380.7808471679687,1401.57962890625,1383.5567058015827,1392.86511160683,61.332221554756586
2025-09-18,1408.4876708984375,1415.4554544293835,1404.2074124117412,1413.8628424954393,9332642,0.08486758999204369,1380.8803833007812,1399.26068359375,1385.9310834298544,1393.4777609908147,80.23005521119822
2025-09-19,1400.9227294921875,1410.4785229891424,1397.1401696768169,1408.3882121473878,13461373,-0.5370967430211482,1380.014385986328,1397.1592529296875,1387.3588592453148,1393.769720539888,76.77675957354087
2025-09-22,1384.199951171875,1404.2074196840813,1381.6119415772491,1397.438788552637,7757970,-1.193697408733907,1379.0886657714843,1394.7590600585938,1387.0580108573681,1393.3944354666328,61.57535247106721
2025-09-23,1383.40380859375,1388.5798281670254,1370.4636381520502,1384.5982372618869,14014702,-0.05751644315916682,1377.9539184570312,1392.7791748046875,1386.7099915941662,1393.0026461775,58.704516257160414
2025-09-24,1376.635009765625,1389.5751797778832,1374.0470000648747,1378.9244730635044,5922759,-0.4892858315176718,1377.859356689453,1390.8919458007813,1385.7504695152577,1392.3607780829168,62.838556925394904
2025-09-25,1366.0838623046875,1378.128150477363,1362.6994857374575,1374.942926360271,11411143,-0.7664448009885971,1377.1874633789062,1388.7599829101562,1383.8774593047272,1391.330310797496,48.509187053040904
2025-09-26,1371.2598876953125,1376.3363918134596,1359.7132983361803,1365.685684712474,9879109,0.37889514205171615,1378.2027709960937,1386.7275756835938,1382.6757858181163,1390.5432353817241,49.49380411826457
2025-09-29,1366.48193359375,1382.6073268149732,1361.703976301572,1375.2413599514075,14231999,-0.34843534361621575,1379.1434204101563,1384.78203125,1381.1335141777004,1389.5996549194508,48.14008281206813
2025-09-30,1357.722412109375,1370.762097190836,1356.5279835173724,1370.762097190836,14604684,-0.6410272444172027,1379.018994140625,1382.669228515625,1378.9038854092885,1388.3495669661145,43.460746962503826
2025-10-01,1362.4007568359375,1372.255218175594,1356.4283707523282,1360.7086293823172,12045916,0.3445729911237372,1378.8248901367188,1381.5898779296874,1377.3321588784931,1387.3319665688527,42.53568705736011
2025-10-03,1357.125244140625,1365.287456651113,1350.6551591113212,1356.926091696157,12842347,-0.38722179717254335,1379.0289489746094,1380.718310546875,1375.40769080822,1386.1473892187262,32.71326982423186
2025-10-06,1368.671875,1371.0608538471567,1352.7455113636363,1353.740909090909,12396580,0.8508154209957652,1379.0289489746094,1379.8436962890626,1374.7661845407704,1385.462074935639,37.68996318463471
2025-10-07,1378.4267578125,1389.47564777439,1369.5676941462978,1369.667209612737,11244040,0.712726183001311,1379.3424987792969,1379.594462890625,1375.1148105666496,1385.1861801464963,39.999976071202525
2025-10-08,1361.1068115234375,1382.6073771032557,1358.2201339506064,1378.426755451918,8525081,-1.2565010212474692,1378.9045288085938,1379.2209155273438,1373.7807154196769,1384.2418911808863,29.174051559579297
2025-10-09,1371.458984375,1373.6488106871857,1362.7989515764332,1367.676424553763,8826633,0.7605702038898432,1378.9443481445312,1379.1357104492188,1373.5595981773267,1383.7406007179106,34.57713845844091
2025-10-10,1375.3409423828125,1381.6119964455866,1368.7713419175536,1371.45898859096,6373084,0.28305316105254885,1378.8647094726562,1378.5431958007812,1373.7292500064207,1383.4112023518285,39.007653928303164
2025-10-13,1368.671875,1371.3594002602315,1361.505059967041,1370.5631549835205,7600682,-0.48490284679943985,1377.8693115234375,1377.9561010742189,1373.2475952439042,1382.833189514502,42.696664048613115
2025-10-14,1369.5677490234375,1381.612037149334,1363.7943936365562,1373.6488553790207,9768174,0.06545571950453688,1376.7046997070313,1377.7815161132812,1372.8971336990978,1382.3129761619111,43.49857117127245
2025-10-15,1367.97509765625,1377.6304066718624,1366.382364141153,1376.6350089791804,10882743,-0.1162886150263942,1375.1618347167969,1377.5056762695312,1372.4283683616836,1381.7507064165911,45.72272666980187
2025-10-16,1391.8646240234375,1394.0544503152107,1368.671809484766,1368.7713249510273,12315932,1.7463421964418302,1374.390399169922,1377.3546752929688,1374.2794403294697,1382.1473306364676,61.25108943720047
2025-10-17,1410.279541015625,1416.7496262080865,1392.6609284325848,1394.5522084059296,19335561,1.3230393728203227,1374.4799926757812,1377.9645825195312,1377.7080213471986,1383.2505545729052,65.26483484891753
2025-10-20,1460.04931640625,1467.0170999313525,1426.7034952504036,1433.3726108781725,24721978,3.5290716445324666,1377.4363220214843,1379.5480737304688,1385.5500494480607,1386.2622707232324,77.07377308587833
2025-10-21,1458.4566650390625,1467.2162134241023,1453.2806455896807,1461.2438272093502,2066169,-0.10908202546936474,1381.1491577148438,1381.1671264648437,1392.4935366472037,1389.0934234415001,80.40870442554315
2025-10-23,1441.7340087890625,1476.0752283864208,1437.9514490416038,1468.2115624957596,18707090,-1.14659946029676,1384.0656677246093,1382.880029296875,1397.1831054226186,1391.1577601217969,72.32497904557759
2025-10-24,1444.9193115234375,1453.0816457634617,1434.3681199531734,1443.3266994671071,9700837,0.2209355342217556,1387.4798828125,1384.2917895507812,1401.7294107655537,1393.2660562551946,75.00001738021729
2025-10-27,1477.2696533203125,1478.16553552233,1451.289798512833,1456.266786847925,14113867,2.2389029988648,1393.0391723632813,1386.4655615234376,1408.9237195802928,1396.5603149636306,77.6482573479915
2025-10-28,1480.056884765625,1485.1333888036677,1470.79963742504,1477.26972256393,17631577,0.18867452120525652,1398.479022216797,1388.6514575195313,1415.6983067408005,1399.8346902499834,76.82608544351518
2025-10-29,1497.277099609375,1501.3583271895798,1481.2512217130793,1483.1425015536738,11884745,1.163483310742941,1405.018780517578,1391.247451171875,1423.4677155854267,1403.6559612052536,85.96217145030933
2025-10-30,1481.6494140625,1496.1821955688697,1477.1701246011085,1493.0964871305005,9318663,-1.0437403705000348,1411.2151306152343,1393.3736206054687,1429.0088297261002,1406.714527983969,78.3120536055934
2025-10-31,1479.5592041015625,1490.6080945575152,1475.4780977270138,1483.540795005222,8758053,-0.1410731810844834,1417.0730529785155,1394.6935205078125,1433.8231510951919,1409.571181949365,77.02642128695194
2025-11-03,1477.866943359375,1488.1195884585134,1472.4918928888085,1479.1610089962214,8452085,-0.11437600722541408,1423.1101379394531,1396.1209204101563,1438.017797977495,1412.2494471026987,79.06732505195897
2025-11-04,1466.3203125,1485.9297198935935,1463.334119430687,1477.07065615293,10007806,-0.7813038184024901,1427.9925598144532,1397.0824731445311,1440.713275551067,1414.3698731967106,74.3731261128007
2025-11-06,1489.2144775390625,1494.689164899616,1469.406038969176,1477.1701896475463,16772678,1.5613345081491259,1433.5319458007812,1398.8124755859376,1445.332437645162,1417.3049557199402,77.58153856749388
2025-11-07,1471.19775390625,1491.5038906434634,1469.1074431042953,1487.7213309001131,7821765,-1.2098138921255441,1439.0364929199218,1400.1144555664061,1447.7958010985988,1419.4183987860702,68.54351025504506
2025-11-10,1482.44580078125,1494.0919049344996,1468.7092643110286,1471.0982430243505,7068438,0.7645503023053557,1444.5858337402344,1402.1928466796876,1451.095801068375,1421.8900616094104,67.45305689618728
2025-11-11,1486.5269775390625,1491.9021495222175,1473.3876547459602,1490.1103850249956,7127506,0.27530023395538894,1450.1451354980468,1404.3329516601561,1454.470198827488,1424.4248426262598,58.22005282844398
2025-11-12,1504.5435791015625,1517.6827797499902,1493.0965058897411,1498.0734942427068,12384459,1.211992909292925,1456.938720703125,1407.4047485351562,1459.2390921869237,1427.5667538605853,62.98374727459059
2025-11-13,1503.9464111328125,1515.0948167835015,1499.865304859355,1508.0275174062697,7196443,-0.039690971869799085,1463.6576538085938,1410.5302978515624,1463.496932086532,1430.5620345379275,69.27826238264198
2025-11-14,1511.9095458984375,1513.900341239272,1498.5711928131457,1498.5711928131457,7682823,0.5294826136542197,1470.8543762207032,1413.5642700195312,1468.1076572114755,1433.7521330226534,70.16179874352474
2025-11-17,1511.3123779296875,1516.6874283079178,1504.5436249599409,1513.900387650411,5871416,-0.03949759893837612,1476.8267639160156,1416.4648608398438,1472.222392517972,1436.7937112543018,62.66673812802726
2025-11-18,1512.4072265625,1520.7685911952462,1503.5481631005248,1514.696568271851,11045042,0.072443569496361,1481.9331481933593,1419.6521240234374,1476.0495195698318,1439.758947148741,62.190560128946316
2025-11-19,1511.9095458984375,1515.2939222795571,1505.0412776708577,1510.4164493928115,5692366,-0.03290652512906167,1484.5261596679688,1422.5168774414062,1479.4647601725562,1442.5883823938273,56.30907404736766
2025-11-20,1541.9705810546875,1543.7623455509597,1519.673647863964,1522.9585089376258,18171724,1.9882826481121718,1488.70185546875,1425.913173828125,1485.4176954946638,1446.4857235177824,73.12984045286933
2025-11-21,1539.4820556640625,1550.6305827884978,1533.0119706260582,1533.9078528560988,9615271,-0.1613860485537244,1493.5892578125,1429.3054907226563,1490.5666821774637,1450.132638503911,72.90713540412554
2025-11-24,1528.831298828125,1542.8663816107544,1524.7501927010492,1542.8663816107544,18433951,-0.6918402716518335,1497.7848571777345,1432.4688647460937,1494.2109313822887,1453.2188604774099,68.2336386394168
2025-11-25,1532.61376953125,1552.4222077972818,1518.0809876078647,1528.8313312270848,15033482,0.24740929270772316,1500.5520629882812,1435.5824658203126,1497.8683445393326,1456.3323863226585,75.11315523214626
2025-11-26,1562.6748046875,1564.366932099549,1533.4100892950655,1535.2018536795324,14054299,1.9614227507197768,1504.682958984375,1439.064365234375,1504.0403883629676,1460.502677238927,76.39488442229569
2025-11-27,1556.2047119140625,1568.2489991897637,1548.8387449947777,1567.7513003642512,9794643,-0.41403961681787393,1507.6293395996095,1442.331259765625,1509.0084191773576,1464.2556982065794,83.30739377775907
2025-11-28,1560.285888671875,1574.0224254817672,1555.806599039324,1560.7835875199362,8959508,0.2622519213936192,1511.5611633300782,1445.5603295898438,1513.891987700645,1468.021588028748,82.31411173768684
2025-12-01,1558.892333984375,1570.2398922139623,1556.403839701944,1567.7513979315313,8920233,-0.08931406081523763,1515.5278198242188,1448.5923095703124,1518.1777349657623,1471.5851466936747,80.727019409092
2025-12-02,1539.1834716796875,1560.2858537619331,1534.9032130787248,1553.9152843475838,11389150,-1.2642863060538412,1518.5936462402344,1451.2062255859375,1520.1782813194695,1474.2360613990086,64.5000480320159
2025-12-03,1531.718017578125,1545.255401892265,1525.9446623591427,1538.0884656023031,6090883,-0.48502691452472213,1521.8635314941407,1453.8221313476563,1521.2773038202938,1476.490255758974,60.992926992140355
2025-12-04,1528.53271484375,1553.3181423785347,1510.6155558800758,1528.9308982335338,11867930,-0.2079562098127874,1523.829443359375,1456.7087866210939,1521.9682953463373,1478.5311365073965,56.83867345493698
2025-12-05,1533.5096435546875,1538.685784402705,1513.6016899280953,1523.356635808528,10183266,0.3256017134998901,1526.9450378417969,1459.7109033203126,1523.0674713661801,1480.687156391604,58.81419422637317
2025-12-08,1535.898681640625,1543.861863398969,1527.9354998822807,1532.1161217020071,11301491,0.1557889183141814,1529.6176818847657,1462.8961767578126,1524.2894913923178,1482.8523142445067,59.23319771235558
2025-12-09,1522.3612060546875,1535.4008911036892,1513.1039592099478,1533.211064854301,11503971,-0.8814042063944538,1531.4093933105469,1466.0217236328126,1524.1058451696863,1484.4016825507883,53.72603664936959
2025-12-10,1529.8267822265625,1540.3779737710463,1524.3520947592017,1526.9401045329791,7991629,0.4903945359473916,1532.6735534667969,1469.1930615234376,1524.6506963179602,1486.1830590086618,44.83928867861886
2025-12-11,1537.889404296875,1542.866392660295,1516.98605317051,1529.826707449835,4706197,0.5270284298839245,1534.370703125,1472.6212109375,1525.9115256492853,1488.2107588238857,49.353790924841235
2025-12-12,1549.3365478515625,1552.62140892391,1538.9843872841,1543.6628294631555,5106655,0.7443411420030577,1536.2420532226563,1476.4534936523437,1528.1424801447404,1490.6078485896771,58.266463391228775
2025-12-15,1549.037841796875,1551.4268205626304,1539.3825327747268,1544.060853330096,5774543,-0.019279610688960336,1538.1283264160156,1480.1862353515626,1530.1325145878009,1492.8992208723123,56.81253848148028
2025-12-16,1535.201904296875,1544.5585453663573,1531.7180123854912,1537.8894294536826,11731856,-0.8931955777110256,1539.2680603027343,1483.7477685546876,1530.6153136077128,1494.5581496340599,36.832121810684185
2025-12-17,1537.292236328125,1542.8664391614582,1532.2157323461342,1542.8664391614582,7116649,0.13616007284771303,1540.5371948242187,1487.12017578125,1531.2512110096568,1496.233996171082,40.537906150412915
2025-12-18,1537.292236328125,1544.3595357154854,1528.1345045583196,1528.1345045583196,6580829,0.0,1540.3032775878905,1490.2974853515625,1531.8265467542728,1497.844123236064,38.006265440745736
2025-12-19,1557.8968505859375,1566.9549449740823,1543.8617679066683,1547.2461442463334,13937275,1.3403186310904314,1541.2240173339844,1494.2332861328125,1534.309432833479,1500.1991321517453,49.56743688185378
2025-12-22,1568.1495361328125,1570.2398469681211,1558.0960438231807,1566.2582562309594,10184852,0.658110679344337,1543.1899291992188,1498.1670971679687,1537.532299814368,1502.863853876493,63.71345813318045
2025-12-23,1563.4710693359375,1573.6241984599117,1560.8830596994949,1573.6241984599117,7506564,-0.2983431547231463,1544.7327941894532,1501.9296997070312,1540.0026588164221,1505.2406074239223,65.44036203865181
2025-12-24,1551.0286865234375,1568.448146711295,1546.4498812900458,1565.4619535362338,8815745,-0.7958179116025921,1544.15048828125,1505.5768359375,1541.0527566932808,1507.0362183690013,60.03550521414763
2025-12-26,1552.0240478515625,1553.8158123179846,1547.1466963201517,1547.5447581940157,2311495,0.06417426942348925,1543.941455078125,1509.2259619140625,1542.0976415654982,1508.8004469761606,58.563527177214816
2025-12-29,1538.4866943359375,1550.9291658570105,1536.495898892566,1547.7439417510202,5972105,-0.8722386443924313,1542.851495361328,1512.6361938476562,1541.7537418293496,1509.9646135392893,51.085132845729035
2025-12-30,1532.71337890625,1546.449793829553,1530.7225835687998,1539.8801935176689,8815884,-0.37525936694431383,1541.542547607422,1515.4531689453124,1540.8927548842923,1510.8567219850524,54.64287552242957
2025-12-31,1563.172607421875,1569.7422080874378,1533.9078900841737,1533.9078900841737,5771830,1.9872749161595316,1542.7420043945312,1518.5110302734374,1543.0146456021573,1512.908325335516,62.39823173526862
2026-01-01,1568.3485107421875,1585.1707553042595,1563.8692213237453,1566.457230908256,6408128,0.33111527772029525,1544.5735290527343,1520.6770141601562,1545.4273946631124,1515.082450253425,61.57336244906062
2026-01-02,1584.9718017578125,1587.2611435561273,1570.9365970213464,1572.7283614795997,6602230,1.0599232824698213,1547.3954833984376,1523.2073168945312,1549.1935286721314,1517.82320913595,63.02766868975366
2026-01-05,1570.8370361328125,1604.3820104615531,1568.049995566515,1585.6684856930358,8704973,-0.8917991859113128,1549.2618530273437,1525.7893774414063,1551.254815096958,1519.9021827436702,57.237273504654524
2026-01-06,1500.6614990234375,1561.77894010158,1489.4135782872731,1561.77894010158,27417125,-4.467397667305939,1547.4999938964843,1526.9042211914064,1546.436404042337,1519.1476461271907,41.65461850232322
2026-01-07,1497.277099609375,1513.004431115157,1491.1056827700695,1503.0504545946628,11199340,-0.22552717026890212,1546.2457885742188,1527.3043701171875,1541.754565524912,1518.2899776362958,40.39193847163927
2026-01-08,1463.831787109375,1496.9785780764305,1462.040144211037,1493.0965028672745,16518684,-2.2337423385908717,1542.9460388183593,1526.9798681640625,1534.3333485329563,1516.1543623215146,34.802289450184446
2026-01-09,1468.51025390625,1473.0890589574892,1458.2576091430024,1458.2576091430024,8335311,0.3196041265173921,1539.4770812988281,1526.40453125,1528.064482378032,1514.285965913073,30.20287153055834
2026-01-12,1476.373779296875,1478.464211615997,1444.322022844729,1468.510234890672,8883745,0.5354763693142806,1535.8289428710937,1526.2990185546876,1523.1415582750644,1512.7992134967515,29.45631412840025
2026-01-13,1446.11376953125,1478.9618923221497,1438.050951275772,1478.165525590484,13499760,-2.0496171220296455,1530.6827392578125,1525.6301098632812,1515.8055783947011,1510.1840980471238,26.429435482882383
2026-01-14,1452.086181640625,1460.2483939989072,1433.5716876182923,1437.3542473990606,8321764,0.4129973889475558,1526.526953125,1525.1144946289062,1509.7370644181224,1507.905748384124,29.597706791274803
2026-01-15,1452.086181640625,1452.086181640625,1452.086181640625,1452.086181640625,0,0.0,1522.266650390625,1524.8298120117188,1504.2465041535988,1505.7167457667322,29.3075183762479
2026-01-16,1451.1903076171875,1473.1885721290346,1448.4031454989463,1452.0861898343726,17167161,-0.06169565104086061,1517.9615539550782,1524.0693286132812,1499.193533054893,1503.5784540745933,30.926497086960183
2026-01-19,1407.0941162109375,1443.9238298491432,1396.8415931572963,1443.9238298491432,20392765,-3.038622238226951,1510.4214172363281,1522.787255859375,1490.4221600221354,1499.7947545505283,26.490314651046432
2026-01-20,1387.5843505859375,1409.4830993039366,1383.6027599099375,1404.207443054835,13189498,-1.3865288327362557,1501.3931579589844,1520.8900268554687,1480.6280829329737,1495.394346551917,15.73425723837579
2026-01-21,1398.1356201171875,1406.397469837406,1366.681076311502,1383.105138772638,17352720,0.7604056306050433,1493.1263854980468,1519.1221997070313,1472.7716579028988,1491.5802788485944,17.465813513321805
2026-01-22,1396.0452880859375,1412.9670491536458,1388.5798052619484,1403.610286379211,15721693,-0.14950853130218933,1485.377215576172,1516.9522338867187,1465.4643845869978,1487.8338086226079,11.764723321036925
2026-01-23,1379.720703125,1400.5245389866304,1374.6441992470054,1395.348519642108,9837802,-1.1693449417618407,1476.7620483398437,1514.4677197265626,1457.298319685855,1483.5940789952506,11.661361803121395
2026-01-27,1374.146484375,1385.195374217857,1361.7040134914885,1373.6487855396597,26302396,-0.404010662257559,1468.5450378417968,1511.7124584960939,1449.3790972752975,1479.302016461123,15.741265338422068
2026-01-28,1390.2718505859375,1403.4111724845943,1378.526231208921,1378.6257466723232,11121657,1.1734823320726173,1461.4229614257813,1509.2916479492187,1443.7498356858346,1475.8106374071942,22.894600299196597
2026-01-29,1384.59814453125,1396.4434009824272,1377.6303609139109,1396.4434009824272,20846683,-0.40810047706111297,1452.49423828125,1506.7354663085937,1438.1163412901599,1472.2336769022552,26.643190460974225
2026-01-30,1388.9779052734375,1391.5659148620384,1372.1556606847782,1376.236766748553,11239835,0.31631999215702145,1443.5257080078125,1504.2768334960938,1433.4364902409484,1468.9687446815174,26.5137756886042
2026-02-02,1384.0009765625,1386.4894707948447,1329.35361891851,1333.8329085367304,15711165,-0.3583159020774884,1433.4771667480468,1501.11744140625,1428.728346081096,1465.6366753435168,22.248822427493664
2026-02-03,1430.4859619140625,1482.6448239290096,1423.617693715007,1467.1166446366906,25456171,3.3587393461975035,1426.4596130371094,1498.93751953125,1428.8957380651882,1464.2582159933422,45.722051469177906
2026-02-04,1450.095458984375,1457.2622740237098,1433.6713964697635,1437.3543194605445,8333387,1.3708276482541581,1423.9313110351563,1497.362802734375,1430.9147591051108,1463.7028137576965,49.49291927752502
2026-02-05,1436.757080078125,1454.7737543419996,1432.8750047042822,1450.2944646433757,11763658,-0.9198276446980902,1420.9053100585938,1495.4456689453125,1431.4711706263502,1462.6461183192819,46.343786976735515
2026-02-06,1444.123046875,1446.113842295832,1426.9026178813986,1434.865799564727,8277304,0.5126800416723531,1419.919873046875,1493.0746337890625,1432.6761112214595,1461.9197233606826,48.364824247203444
2026-02-09,1454.873291015625,1459.153549837875,1446.3128948796364,1451.2898835062008,5775864,0.7444133077086468,1419.2380249023438,1491.0480053710937,1434.7901283447134,1461.6433926804843,63.07191965421818
2026-02-10,1451.7874755859375,1464.2299462371711,1445.5164217743147,1464.2299462371711,10259630,-0.2121020056346845,1418.0087097167968,1488.878037109375,1436.408923320068,1461.256886127757,69.29980096639913
2026-02-11,1461.9405517578125,1463.234617369774,1446.91007080626,1452.882456999606,7106877,0.699350031779078,1418.800048828125,1486.9390014648438,1438.8405069808055,1461.283696544622,69.22612890838226
2026-02-12,1442.231689453125,1466.2207486838624,1438.8473131178023,1463.2345557130195,11135399,-1.348130215075427,1418.30732421875,1484.9999658203126,1439.163476740074,1460.536559011622,62.581326941787765
2026-02-13,1413.0665283203125,1444.0233720001163,1409.7817888672505,1438.8473526451965,10755693,-2.022224400288386,1416.3563415527344,1482.6269360351562,1436.6780530810493,1458.6749891805905,58.48961023543006
2026-02-16,1430.4859619140625,1432.9744560797708,1402.8139796964888,1413.564201587246,5896514,1.2327398069824858,1415.3211242675782,1480.6660009765626,1436.0883301127649,1457.5695371309228,63.52771796827325
2026-02-17,1416.450927734375,1425.2104761017015,1412.071153550712,1424.5136248062845,10731630,-0.9811374982602317,1415.78896484375,1478.3248266601563,1434.2181013148231,1455.9570426447838,56.34961850594077
2026-02-18,1434.666748046875,1435.4629932986809,1412.6683617554224,1420.4325123887006,5521096,1.2860184532927255,1418.143084716797,1476.3001879882813,1434.2608295750185,1455.1221291311404,61.44744627407201
2026-02-19,1403.0130615234375,1436.3588845536149,1393.5567833507007,1436.3588845536149,11884664,-2.2063441957186347,1418.3869567871093,1473.9132250976563,1431.2848516653441,1453.0786362837794,52.853104428545336
2026-02-20,1412.8675537109375,1420.8307355027323,1399.628715378674,1403.013091941889,8177670,0.7023806447532088,1419.2280700683593,1471.5740405273436,1429.530823288734,1451.5017310848443,55.75397163344907
2026-02-23,1421.4278564453125,1428.2961245911818,1411.772547760535,1418.4416634695872,7758856,0.6058814721798367,1421.313427734375,1469.2448095703126,1428.759112160789,1450.3223634519215,47.87284300134273
2026-02-24,1422.2242431640625,1426.7035326906043,1408.4877066792656,1418.7403513100855,12529409,0.05602723452611258,1423.7173156738281,1466.7025634765625,1428.1367436849105,1449.2204763818095,42.82049621121837
2026-02-25,1392.063720703125,1433.8704252219177,1387.0867320699354,1428.395737725409,10728792,-2.120658722132207,1423.8069091796874,1463.5630810546875,1424.7012176866451,1446.9790349826453,39.40538087940478
2026-02-26,1400.3255615234375,1406.397463315574,1385.4941111892442,1392.0637118415314,16683858,0.593495879350936,1424.593280029297,1460.8655541992186,1422.3797266234824,1445.1494870038528,39.66165965993079
2026-02-27,1387.48486328125,1403.9089251530934,1381.711508080472,1391.5659695052796,12031440,-0.9169794935556141,1424.5186279296875,1457.8694067382812,1419.0564063051745,1442.8881292108094,34.24849916683786
2026-03-02,1351.75,1372.2551671563265,1335.3259388807069,1369.1694587628867,23728722,-2.5755137390645833,1422.9060791015625,1454.1585620117187,1412.6462723713482,1439.3140849280326,29.713375591203373
2026-03-04,1338.8099365234375,1346.5740873609554,1300.9848230751916,1323.8789706886037,32495007,-0.9572822989874274,1418.3222778320312,1449.7768237304688,1405.6142403858328,1435.3727457749112,25.30940169935947
2026-03-05,1383.005615234375,1392.5614090361375,1346.872629427245,1346.872629427245,25957532,3.301116723536035,1414.9677856445312,1446.0739453125,1403.461037990456,1433.3191328125374,39.18576991933126
2026-03-06,1398.334716796875,1417.7449716586152,1383.9014503612218,1390.0728674061677,19311971,1.1083904066363504,1413.0466674804688,1442.7712182617188,1402.9728169244006,1431.9471949295703,47.16693671026333
2026-03-09,1417.4462890625,1422.8214608086796,1363.6948146177142,1368.6718029922313,24870822,1.3667380231682458,1411.7128295898438,1440.0995703125,1404.3512428423148,1431.378531954391,47.508565537733844
2026-03-10,1402.3162841796875,1424.9117626543534,1394.1539503917586,1424.015880450879,18071259,-1.0674129241834973,1409.084979248047,1437.1054150390626,1404.157437255398,1430.2388359632262,47.3106072043238
2026-03-11,1383.8017578125,1427.4002232775151,1377.2321576556008,1418.34212900751,21848087,-1.320281777802923,1405.685693359375,1434.0117163085938,1402.2188011179792,1428.4177740749624,40.33292779913715
2026-03-12,1385.7926025390625,1404.4066120742225,1374.7437125844203,1383.6027762448114,20939959,0.14386776973818183,1401.8782958984375,1431.07330078125,1400.6544012533204,1426.7461987206134,46.31128594319375
2026-03-13,1374.3455810546875,1394.3531723993444,1372.0562392077015,1378.8248707870416,17265090,-0.8260270305528894,1398.4839904785156,1427.2967602539063,1398.1487993296412,1424.691272537636,41.80430390135204
2026-03-16,1388.6793212890625,1390.8692691567512,1357.224777946389,1373.6488401657623,22837802,1.0429502180503425,1397.264630126953,1423.7033764648438,1397.2469442781576,1423.279039155339,43.19968405993128
2026-03-17,1391.167724609375,1399.429573667814,1381.810962442932,1392.5613056143347,19007744,0.17919207711702967,1395.2987182617187,1419.827294921875,1396.6679709763687,1422.0197719182422,43.596036421905694
2026-03-18,1401.6195068359375,1406.3974645008152,1390.7696473738065,1390.7696473738065,9559327,0.7512956232144763,1394.557147216797,1416.4429443359375,1397.139545820137,1421.2197615228577,52.14476367077586
2026-03-19,1378.4267578125,1409.1844489610974,1369.7667250791762,1381.6119817895922,16498373,-1.6547107763784985,1391.7451477050781,1413.9982495117188,1395.3573755336956,1419.5416045146083,45.39362494845287
2026-03-20,1407.8905029296875,1423.4186824363833,1389.6746767818197,1391.5659566755692,22994918,2.13749079885428,1391.9890197753907,1412.210517578125,1396.5510067142661,1419.0846985701016,54.01173933473903
2026-03-23,1401.3209228515625,1409.084951963176,1384.598192981382,1393.5567722314413,18979554,-0.4666257826481779,1391.411688232422,1410.9603002929687,1397.0052844416277,1418.3880799144727,61.00799077907792
2026-03-24,1405.302490234375,1415.8536813182018,1400.1263494042955,1413.4647025895886,18620893,0.28412958929566745,1390.605419921875,1409.6961450195313,1397.7954945171275,1417.874919534861,65.37753378807564
2026-03-25,1406.596435546875,1423.9163794589117,1401.9181150601291,1413.464703831985,19041331,0.09207592824262978,1389.8240295410155,1408.3005981445312,1398.6336793771034,1417.432626045136,56.80640884943036
2026-03-27,1341.8956298828125,1398.235116023098,1338.809921280448,1394.552193095842,23266517,-4.599812997457741,1387.315625,1406.2162353515625,1393.2300556157422,1414.4703909015157,37.32675845547019
2026-03-30,1337.7149658203125,1358.7178325566667,1327.960019957529,1328.855902170806,24393861,-0.3115491227037581,1384.1850952148438,1403.9288110351563,1387.9429042066536,1411.4603742316647,30.809771530278795
2026-04-01,1362.8984375,1378.028554948465,1356.627505100946,1377.8294025098971,14404619,1.882573816032962,1382.9557739257812,1402.1450561523438,1385.557716901258,1409.5559845559133,40.95061034358485
2026-04-02,1344.2845458984375,1351.9490593116357,1321.8880984473344,1350.7546307176451,21280051,-1.3657577915861752,1382.582501220703,1400.0069409179687,1381.626938710513,1406.9963202948359,40.93193566513331
2026-04-06,1298.6953125,1352.7454554606609,1284.0630151171836,1352.7454554606609,29274881,-3.3913380569266627,1380.5767700195313,1397.83896484375,1373.7286885952262,1402.7492219499404,33.345999847815094
2026-04-07,1298.5958251953125,1302.2788696189978,1285.058440671965,1289.040031502862,28388922,-0.007660557771316245,1376.3562805175782,1396.0591943359375,1366.5731777952344,1398.6647750183865,34.858713665812346
2026-04-08,1341.5970458984375,1344.3840865060406,1320.0963587364663,1342.7914745147666,21817543,3.3113629251547483,1373.5193969726563,1394.9284228515626,1364.1944985669682,1396.4268248568198,41.556582791013724
2026-04-09,1323.87890625,1343.7868597274437,1320.195983460075,1339.8052690319548,20725390,-1.3206752133664734,1368.8410278320312,1393.4850952148438,1360.3549183463047,1393.581808440866,38.55789117967699
2026-04-10,1343.9859619140625,1346.0763943468285,1325.3720730291864,1330.8467605257397,19364461,1.518798703502089,1365.92451171875,1392.770400390625,1358.7959701146624,1391.6368732829524,40.51129599007023
2026-04-13,1309.0474853515625,1321.4899565481755,1303.970981405046,1315.119386993808,28753269,-2.599616182950437,1362.1867980957031,1391.4684204101563,1354.0580191848433,1388.398073756231,39.00282303862668
2026-04-15,1337.9140625,1340.8007402141902,1328.059600686701,1330.8467629297493,15313779,2.205158901526394,1359.79287109375,1390.4212646484375,1352.5204995005724,1386.4183086089279,38.8871290860006
2026-04-16,1337.1177978515625,1347.5694738488123,1323.8789596516422,1345.7777093601655,30211012,-0.059515380752450664,1357.9314819335937,1389.4716577148438,1351.053575534,1384.484955245894,39.613524662033534
2026-04-17,1358.7178955078125,1362.1022720767137,1333.832952366644,1333.832952366644,13869105,1.6154221932395352,1356.4334106445312,1388.8664575195312,1351.783510769601,1383.474482314989,42.870199559904776
2026-04-20,1357.0257568359375,1366.6810660920328,1346.5740808024586,1356.9261198573818,13614733,-0.12453936740434157,1354.7263122558593,1388.326953125,1352.2827722997283,1382.437277394242,42.422413725540686
2026-04-21,1347.07177734375,1363.4958396538184,1343.8864317482064,1352.7454957201878,27293629,-0.733514411354752,1351.99892578125,1386.6586694335938,1351.7864870658257,1381.0503950393208,50.95030737130857
2026-04-22,1355.8311767578125,1359.7132520720183,1342.8910067161314,1344.085556855853,9525953,0.6502548387833373,1350.8691467285157,1384.7733837890626,1352.1716956079197,1380.0614060871048,53.2710255655219
2026-04-23,1337.21728515625,1349.261572940554,1334.529638479888,1339.8052948565,16385079,-1.3728767947403075,1347.3354858398438,1382.782587890625,1350.747466041094,1378.3812444819732,45.25038537846559
2026-04-24,1321.6890869140625,1339.7057606040942,1318.9019248091768,1333.8328899956955,11744802,-1.1612322406057696,1343.3538940429687,1380.3339086914064,1347.9800013623292,1376.158022616565,45.77282285601536
2026-04-27,1359.51416015625,1365.2873936261717,1304.9663202853897,1306.9571155871215,24673098,2.861873765675349,1341.0644775390624,1378.4267260742188,1349.078492676036,1375.5053221279252,61.71846775650289
2026-04-28,1382.5078125,1388.7787447541257,1350.75460334444,1351.7500009887617,41027699,1.6913139279922884,1339.8600463867188,1377.0411328125,1352.2622374211755,1375.7799295934967,64.85724524320116
2026-04-29,1418.83984375,1427.2012083655534,1384.896807968084,1385.5935377241706,30542143,2.6279801764230504,1343.707257080078,1376.1791186523437,1358.6029618334446,1377.4685536780655,64.00721818678474
2026-04-30,1424.215087890625,1430.386505071105,1386.6885214286783,1402.515369272921,30957881,0.3788478427852793,1348.0322631835938,1375.8187866210938,1364.8517357436522,1379.3017510981658,69.04764773876474
2026-05-01,1424.215087890625,1424.215087890625,1424.215087890625,1424.215087890625,0,0.0,1351.098095703125,1376.0417578125,1370.505388329078,1381.0630584233604,66.4893881255993
2026-05-04,1456.3663330078125,1460.6465916696056,1426.803070277682,1426.803070277682,24035700,2.2574711776720546,1356.7021850585938,1376.559365234375,1378.682621155624,1384.0161280149075,80.6291736968523
2026-05-05,1456.864013671875,1466.6189594959255,1443.3266295857377,1453.280606341501,23543341,0.03417276634201105,1364.6106201171874,1377.367626953125,1386.1284680619337,1386.8729078445926,78.038508860675
2026-05-06,1431.2823486328125,1466.519450812893,1420.9301884572374,1456.2668061036345,14221786,-1.7559404857963812,1371.2449462890625,1377.2999389648437,1390.4288376401125,1388.6144545421698,69.87396430190857
2026-05-07,1429.590087890625,1442.828925531327,1423.717338832762,1432.1782190445704,19816903,-0.11823388612344221,1375.644598388672,1377.8314794921876,1394.1584805211137,1390.2213421244621,66.33026464937964
2026-05-08,1428.5947265625,1436.1598462687914,1410.9762359236815,1419.4371163507371,8663105,-0.06962564559982454,1380.880389404297,1378.1460229492188,1397.4381230012457,1391.7261807298755,66.54393775815821
2026-05-11,1381.81103515625,1421.427912122738,1375.6396180347506,1413.4647305422184,15261787,-3.27480499097329,1382.7716430664063,1377.3536865234375,1395.94982892077,1391.337351491694,56.86195648609496
2026-05-12,1357.722412109375,1387.0866431630602,1354.0394893602804,1385.593546668805,24357500,-1.7432646312707356,1385.205389404297,1376.0636499023437,1392.30912255778,1390.0191185747403,50.35223964209015
2026-05-13,1352.54638671875,1366.0837705701026,1346.1758174038478,1355.1343963286624,13797989,-0.381228544543466,1385.9370056152343,1375.2733032226563,1388.5221953350153,1388.549599678427,53.00546160363405
2026-05-14,1355.5325927734375,1371.6579863902991,1352.148216400817,1358.9168476375537,17303059,0.22078400297471656,1386.8577453613282,1374.3774438476562,1385.3803284243888,1387.2548150939178,56.978653695706676
2026-05-15,1330.24951171875,1358.518830724615,1323.082575367519,1350.5556491178086,19976192,-1.8651769193507861,1385.434326171875,1373.2327368164063,1380.1297744524231,1385.0193130007742,43.63637039310018
2026-05-18,1329.7518310546875,1335.8237328112184,1312.630917460794,1327.860551095503,13022473,-0.03741258009706261,1384.0706298828125,1372.7927734375,1375.3318750812102,1382.8519607675944,37.28408719778975
2026-05-19,1316.6124267578125,1337.8144453658963,1312.3322897558653,1332.5387892026445,21665501,-0.9881095096107906,1382.5476623535155,1372.3488232421876,1369.739546669458,1380.254331982897,22.258227157055202
2026-05-20,1353.442138671875,1356.6274840630256,1306.558933569541,1312.6308349443716,13248515,2.7973085446836077,1382.4282104492188,1371.7575537109376,1368.18741257445,1379.2028734216806,33.59478810844827
2026-05-21,1343.388671875,1364.590690861155,1339.0088978228712,1360.9076465750106,17150630,-0.7428072844503308,1382.7367797851562,1370.6586328125,1365.825627745931,1377.7983949296538,32.09873071935996
2026-05-22,1348.26611328125,1361.106767233248,1342.8909416840763,1343.7868238683554,7105813,0.36307001155833074,1384.0656311035157,1369.275029296875,1364.1532930350088,1376.6402662375594,22.76829726556565
2026-05-25,1360.7086181640625,1364.7897243191817,1350.7546414401118,1360.5095872329855,6750071,0.9228523034322533,1384.1253540039063,1368.4428759765624,1363.8252287615853,1376.0154957248733,27.15232863775141
2026-05-26,1350.0579833984375,1362.2017870434288,1346.1759079681497,1353.8404218493883,13769747,-0.782727074955647,1382.502862548828,1367.7680004882814,1362.5140625365236,1374.9975540650132,29.226089975423093
2026-05-27,1344.2845458984375,1354.736221375619,1342.393266034199,1346.7730400596713,13215138,-0.4276436694568342,1378.77509765625,1366.9378393554687,1360.7779180948012,1373.7931223722064,28.6284425638419
2026-05-28,1344.2845458984375,1344.2845458984375,1344.2845458984375,1344.2845458984375,0,0.0,1374.7785705566407,1366.3366186523438,1359.2071207427666,1372.6359232948037,28.77193823638433
2026-05-29,1315.119384765625,1362.6994431442622,1310.938763054049,1357.7224546740497,42634247,-2.1695675384946322,1369.3237854003905,1364.865419921875,1355.0082887449437,1370.3803727642478,31.573163920315793
2026-06-01,1313.9249267578125,1329.353590670499,1312.431830250133,1326.3673976551404,10700603,-0.09082506285353897,1362.2017150878905,1363.3205639648438,1351.0955876033122,1368.1664337051718,36.14610515227781
2026-06-02,1308.5498046875,1321.689127358814,1294.3156903458798,1301.6815361898257,23302785,-0.4090889791988239,1354.7860046386718,1361.459169921875,1347.0436082779968,1365.828526684871,36.10063446080087
2026-06-03,1307.15625,1317.906594083847,1295.0124463014238,1308.9480145168118,20012293,-0.1064961136754583,1348.5796997070313,1360.033759765625,1343.244812251521,1363.5276530893857,34.56162781547455
2026-06-04,1297.699951171875,1305.1654340270677,1287.1487597049047,1295.0124259474096,23474327,-0.7234252850892964,1341.9851928710937,1357.8299487304687,1338.9072064344118,1360.9461745828166,38.44521828963265
2026-06-05,1291.0,1306.0,1288.0,1304.5,17785223,-0.5162943225685335,1335.1054565429688,1355.6235302734376,1334.3446153454202,1358.2031873442747,36.82368967403621
2026-06-08,1263.300048828125,1282.5999755859375,1259.199951171875,1277.0,16494759,-2.1456197654434517,1329.1799072265626,1352.7834814453124,1327.5784661532966,1354.4814956377593,33.506027163211144
2026-06-09,1269.199951171875,1274.199951171875,1257.5,1269.0,23620214,0.46702304406802675,1324.7537841796875,1350.0355517578125,1322.0186075836375,1351.1371213449797,17.768222944179882
2026-06-10,1258.800048828125,1300.5,1254.4000244140625,1275.0,21012796,-0.819406141179535,1320.0664672851562,1348.3736401367187,1315.997792464065,1347.516059677652,17.72124421455881
2026-06-11,1263.0,1276.0,1253.199951171875,1258.0,13117486,0.3336472043979466,1315.4398376464844,1346.8793408203126,1310.9503836579636,1344.2017043961755,17.293605560414818
2026-06-12,1293.0,1297.0,1262.5,1277.0,11988785,2.375296912114022,1313.5773620605469,1345.4813720703125,1309.2408233095862,1342.193794419855,27.111289011401666
2026-06-15,1307.0,1325.0,1303.300048828125,1315.300048828125,18633321,1.0827532869296164,1312.4397705078125,1344.7356811523437,1309.027411565816,1340.8136456190764,35.76667960613443
2026-06-16,1328.800048828125,1333.4000244140625,1306.4000244140625,1313.4000244140625,18513223,1.66794558746175,1313.0491516113282,1345.3377758789063,1310.9105198765121,1340.342524176294,45.37180210348418
2026-06-17,1332.699951171875,1334.0,1317.0,1333.0,10029170,0.2934905328449755,1312.0120422363282,1346.0198583984375,1312.985703809404,1340.042815431023,46.616336540114
2026-06-18,1328.0999755859375,1333.9000244140625,1322.0,1330.0,15494549,-0.3451621335989863,1311.247607421875,1345.7499169921875,1314.425158264312,1339.5744687704314,54.42663951384686
2026-06-19,1309.5,1338.199951171875,1305.300048828125,1328.0,24887034,-1.4004951380058195,1309.3093017578126,1345.4623388671876,1313.9560955724728,1338.3950778382575,48.65113876797385
2026-06-22,1326.5,1344.9000244140625,1314.0999755859375,1316.699951171875,12931213,1.298205421916765,1307.5988708496093,1345.1126196289063,1315.1507531369991,1337.9286041975415,55.10966558252022
2026-06-23,1309.5,1333.0,1304.0,1328.9000244140625,15400184,-1.2815680361854542,1305.5709716796875,1345.121669921875,1314.6125861715707,1336.8137569741084,50.61272632578659
2026-06-24,1313.5999755859375,1322.0,1297.5,1305.699951171875,11030917,0.31309473737590743,1304.0367431640625,1344.6353881835937,1314.5161470681771,1335.9034126059448,54.27650997544798
2026-06-25,1318.0999755859375,1328.0,1314.5999755859375,1318.0,12694362,0.342570042907675,1302.7275146484376,1344.2550317382813,1314.8574640698685,1335.20523860516,57.3761667974645
2026-06-26,1318.0999755859375,1318.0999755859375,1318.0999755859375,1318.0999755859375,0,0.0,1302.8765441894532,1343.4426733398439,1315.1662746904462,1334.5344439769551,67.56412032092047
2026-06-29,1301.0,1313.699951171875,1292.5999755859375,1308.0,13757656,-1.297320074551711,1302.2302978515625,1342.322158203125,1313.8171056723086,1333.2193677425648,59.50960064247645
2026-06-30,1293.9000244140625,1306.9000244140625,1290.0,1306.9000244140625,15695263,-0.5457321741689114,1301.4978088378907,1341.2587231445314,1311.920240790571,1331.6774327100745,60.70775553432087
2026-07-01,1308.0,1312.199951171875,1296.5,1298.9000244140625,7001401,1.0897268196839782,1301.5399963378907,1340.302099609375,1311.5468845248024,1330.7489059371305,62.94592939299099
2026-07-02,1303.5,1313.199951171875,1299.0,1310.0,17795024,-0.34403669724770714,1301.8299987792968,1339.62775390625,1310.7805145700593,1329.6803213905764,53.54012603796943
2026-07-03,1304.0,1312.0,1302.0,1312.0,7839550,0.03835826620637306,1302.479998779297,1339.2739721679689,1310.1347512776726,1328.6732499634952,48.88723874379686
2026-07-06,1321.300048828125,1325.5999755859375,1299.4000244140625,1304.0,7610709,1.3266908610525263,1305.3799987792968,1338.5096899414064,1311.1981129491444,1328.3841048209317,47.12202177969976
2026-07-07,1308.4000244140625,1328.0,1304.0999755859375,1323.5,14335554,-0.9763130203093273,1307.3400024414063,1337.0275341796876,1310.9316283267558,1327.6004153932113,41.277839363095836
2026-07-08,1275.9000244140625,1302.300048828125,1271.5999755859375,1297.0,19960868,-2.483949816078179,1308.195001220703,1334.1687377929688,1307.5952850969757,1325.5729490803035,34.389962196156546
2026-07-09,1279.800048828125,1296.5,1274.199951171875,1277.0999755859375,14651963,0.30566849591946443,1309.0350036621094,1331.2804370117187,1304.9481197380376,1323.7779333841397,40.26231109118853
2026-07-10,1307.800048828125,1311.0999755859375,1287.800048828125,1291.9000244140625,8412537,2.187841766816523,1309.7750061035156,1328.9521362304688,1305.2197320323316,1323.1513496760608,44.28136049789755
2026-07-13,1296.9000244140625,1306.4000244140625,1295.0,1300.0,9488352,-0.8334626095043873,1309.2700073242188,1325.7628100585937,1304.42737892583,1322.1218859402964,45.9974670801856
2026-07-14,1293.0,1308.0,1286.9000244140625,1290.0,13511284,-0.30071897144303694,1307.4800048828124,1322.4855297851564,1303.33905712337,1320.9798511975398,43.44784796817477
2026-07-15,1295.5,1310.9000244140625,1294.0999755859375,1294.0999755859375,9577965,0.19334880123742515,1305.6200073242187,1319.7698828125,1302.5924802544776,1319.9806413466558,42.71908346632332
2026-07-16,1296.5999755859375,1309.4000244140625,1291.800048828125,1295.5,15631046,0.0849074168998376,1304.0450073242187,1317.1100805664062,1302.0217655241404,1319.0637524932943,43.12220304433736
2026-07-17,1327.199951171875,1330.300048828125,1296.0999755859375,1300.0,18302218,2.3600166714571547,1304.9300048828125,1315.0821850585937,1304.4196879667818,1319.3828191081407,57.714942178372134
2026-07-20,1323.0999755859375,1345.9000244140625,1314.9000244140625,1317.199951171875,14305844,-0.3089192086179193,1304.7600036621093,1313.9079638671874,1306.19876297813,1319.5285899504072,58.75298040289046
2026-07-21,1303.699951171875,1326.9000244140625,1302.699951171875,1321.0,12753410,-1.4662553678508772,1304.4700012207031,1312.8275146484375,1305.9607809013437,1318.9078590179158,48.75071284482539
2026-07-22,1288.5999755859375,1304.5999755859375,1280.699951171875,1302.0,10840383,-1.1582400975289064,1303.2200012207031,1311.5485864257812,1304.307370871305,1317.719314569603,45.92227191000876
2026-07-23,1272.199951171875,1287.300048828125,1268.0,1283.0,12580741,-1.272700971968066,1300.925,1309.88193359375,1301.2495213761213,1315.9342414951823,41.99394934760642
2026-07-24,1278.0,1283.4000244140625,1249.800048828125,1265.0,9817000,0.45590701546422974,1298.9200012207032,1308.836943359375,1299.0352812450622,1314.4466241816456,38.42864077289845
2026-07-27,1280.0,1288.699951171875,1278.0,1288.199951171875,7163132,0.15649452269170805,1297.8700012207032,1307.8419067382813,1297.222397316961,1313.0957761745224,41.94097258545784
2026-07-28,1267.699951171875,1279.199951171875,1265.9000244140625,1275.0,9312184,-0.9609413146972612,1296.5599975585938,1306.8636572265625,1294.410735779334,1311.315547743046,47.371773453327314
2026-07-29,1275.9000244140625,1282.4000244140625,1268.699951171875,1275.0,9448307,0.6468465376690435,1294.9549987792968,1305.3128149414063,1292.6478108874035,1309.926703690929,48.78352456138881
2026-07-30,1292.9000244140625,1297.0,1275.300048828125,1279.800048828125,12158451,1.332392795258941,1294.425,1304.3030419921874,1292.6718312232758,1309.2589907781107,45.010044421115104
2026-07-31,1307.800048828125,1309.699951171875,1293.5999755859375,1295.0,8624996,1.1524498517056836,1294.6150024414062,1303.493720703125,1294.112613852309,1309.2017773683074,53.55512467800308
2026-08-03,1319.0,1319.0,1306.0,1315.199951171875,7508023,0.8563962955889792,1294.5,1302.6595483398437,1296.4828411044703,1309.5860213930796,58.09464015882812
2026-08-04,1290.9000244140625,1315.0,1286.4000244140625,1315.0,10759546,-2.1303999686078434,1293.625,1301.4763891601563,1295.9511442768123,1308.853237197824,48.76477610726974
2026-08-05,1280.0,1299.0,1270.0999755859375,1293.0,24820782,-0.8443740187401461,1293.8299987792968,1300.1906982421874,1294.4319876790207,1307.7217376998701,45.765314987920654
2026-08-06,1325.0,1325.199951171875,1281.199951171875,1285.0,20342297,3.515625,1296.0899963378906,1299.8050073242186,1297.3432269476855,1308.3993166136008,49.47719827941319
2026-08-07,1334.800048828125,1337.0,1316.5999755859375,1320.0,9885638,0.739626326650944,1297.4399963378905,1300.1986206054687,1300.910543317251,1309.434639445543,52.70709424937002
2026-08-10,1327.300048828125,1332.9000244140625,1321.300048828125,1330.0999755859375,8207102,-0.5618819093230143,1298.9599975585938,1300.466123046875,1303.4238295563819,1310.1352437350563,55.778666768690734
2026-08-11,1323.9000244140625,1328.699951171875,1314.0999755859375,1326.5999755859375,9953124,-0.2561609499724171,1300.5049987792968,1300.7731274414064,1305.3739433523515,1310.6750390558018,59.168832222970494
2026-08-12,1329.0,1329.0,1309.199951171875,1323.9000244140625,7901012,0.3852236189960445,1302.179998779297,1301.2100024414062,1307.624043985461,1311.393664975182,65.67328576279041
2026-08-13,1317.0,1327.800048828125,1307.199951171875,1327.800048828125,9397301,-0.9029345372460473,1303.2,1301.5960034179689,1308.5169921773218,1311.6135212506651,60.40554149280021
2026-08-14,1310.0,1317.5,1301.5,1317.0,10497358,-0.5315110098709219,1302.3400024414063,1301.9760034179687,1308.6582310175768,1311.550245907502,57.796251860555714
2026-08-17,1316.0,1320.800048828125,1298.0999755859375,1314.0,13383867,0.45801526717557106,1301.9850036621094,1303.0300024414062,1309.3574471111408,1311.7247460679919,62.97690045207316
2026-08-18,1322.0,1328.5999755859375,1311.199951171875,1314.0,10180567,0.45592705167172287,1302.9000061035156,1304.0860034179686,1310.5614997672226,1312.1276972025803,62.53397756004112
2026-08-19,1311.0,1321.5999755859375,1303.5,1320.300048828125,7489365,-0.8320726172465931,1304.0200073242188,1305.1300024414063,1310.6032616941538,1312.0834737828714,55.08712003990786
2026-08-20,1313.199951171875,1316.5,1307.0,1315.5,5546227,0.16780710693173884,1306.0700073242188,1306.1340014648438,1310.8505654539367,1312.127257209891,51.63435349267504
2026-08-21,1316.0,1316.0,1308.0,1314.0,5434871,0.21322334238791374,1307.9700073242188,1306.5940014648438,1311.340987791657,1312.2791294761698,49.04336764483778
2026-08-24,1309.800048828125,1320.0,1302.4000244140625,1316.5999755859375,7277167,-0.47112090971694887,1309.460009765625,1306.6500024414063,1311.194231699892,1312.181910627227,57.00519681006532
2026-08-25,1317.0,1317.0999755859375,1300.0,1304.300048828125,7115355,0.5496984962183094,1311.9250122070312,1306.4140014648438,1311.747162014188,1312.3708553085123,64.10061500386122
2026-08-26,1298.0,1315.5999755859375,1298.0,1310.0,5744474,-1.4426727410782103,1313.030010986328,1305.7200024414062,1310.4379084890274,1311.8072923552375,37.16729442398335
2026-08-27,1282.199951171875,1308.4000244140625,1282.199951171875,1305.0,11271497,-1.2172610807492323,1312.4950073242187,1304.802001953125,1307.7485792207272,1310.6462201519685,26.34886656786871
2026-08-28,1287.0,1291.800048828125,1280.0,1284.9000244140625,6830228,0.37436039704557,1311.4550048828125,1304.352001953125,1305.7725240568484,1309.7189174009109,31.42854892713133
2026-08-31,1277.0,1297.5999755859375,1271.0,1278.699951171875,34871137,-0.7770007770007803,1309.3550048828124,1303.362001953125,1303.032283670482,1308.435822600875,29.626396888744182
2026-09-01,1309.0,1311.800048828125,1280.0,1285.0,12617528,2.5058731401722767,1310.2600036621093,1303.352001953125,1303.6006376066266,1308.4579472047624,42.95774647887323
2026-09-02,1313.0999755859375,1321.9000244140625,1293.0999755859375,1298.0,13497841,0.3132143304765078,1311.9150024414062,1303.342001953125,1304.505336461799,1308.639987533436,48.54585192986736
2026-09-03,1302.5,1316.800048828125,1302.5,1313.0999755859375,9721454,-0.8072481747787408,1310.7900024414062,1303.0300024414062,1304.3143520368658,1308.3992037085952,47.27668748747826
2026-09-04,1322.0,1333.0,1304.0999755859375,1304.0999755859375,13031534,1.497120921305184,1310.15,1303.1080029296875,1305.9986994619262,1308.9325682690423,51.98412762487587
2026-09-07,1309.5,1324.199951171875,1301.9000244140625,1323.0999755859375,10210522,-0.9455370650529482,1309.2599975585938,1303.2780029296875,1306.3321566560285,1308.9548204937857,46.03677746660289
2026-09-08,1294.9000244140625,1306.800048828125,1288.0,1304.0999755859375,9799528,-1.1149274979715518,1307.8099975585938,1303.2980029296875,1305.2433821567936,1308.4036520200711,45.00930474379224
2026-09-09,1279.0,1294.699951171875,1277.199951171875,1283.5,12152819,-1.227895908122889,1305.3099975585938,1302.7180029296876,1302.7440124275752,1307.2505676271273,40.228585379464285
2026-09-10,1274.0,1285.300048828125,1266.300048828125,1278.5,9296079,-0.3909304143862369,1303.1599975585937,1302.1280029296875,1300.0064874344728,1305.9466237986126,38.14898093305281
2026-09-11,1257.5,1267.4000244140625,1253.0,1267.0,8777736,-1.295133437990581,1300.5349975585937,1301.1980029296874,1295.9582505359517,1304.046756198667,36.0533203125
2026-09-14,1257.5,1257.5,1257.5,1257.5,0,0.0,1297.6099975585937,1299.922001953125,1292.2955600087182,1302.221393210484,33.49972715295277
2026-09-15,1235.300048828125,1259.4000244140625,1235.300048828125,1252.5,13754376,-1.7654036717196786,1293.275,1298.4600024414062,1286.867416086757,1299.597026764117,32.915544639816076
2026-09-16,1240.0,1255.0,1240.0,1243.0,10023997,0.3804704109203083,1289.725,1297.742001953125,1282.403852649923,1297.2598884596418,37.7610281101749
2026-09-17,1243.9000244140625,1253.4000244140625,1238.5,1244.800048828125,7752895,0.31451809790825624,1286.2600036621093,1297.0240014648436,1278.7368213893649,1295.1673447715798,37.434400506218466
2026-09-18,1226.4000244140625,1247.300048828125,1226.4000244140625,1245.0,15122715,-1.4068654760452604,1281.7800048828126,1295.3960009765624,1273.7523645345743,1292.470587110501,35.86591896844378
2026-09-21,1247.4000244140625,1249.0999755859375,1232.5,1234.0999755859375,10007218,1.712328733035795,1278.6600036621094,1294.4060009765626,1271.2426178564303,1290.7031140635818,31.666660611587247
2026-09-22,1240.4000244140625,1251.9000244140625,1237.4000244140625,1247.5999755859375,10684376,-0.5611672168507553,1274.8300048828125,1293.3540014648438,1268.3052280047762,1288.7304438812478,28.730253740682215
2026-09-23,1248.0,1252.800048828125,1238.9000244140625,1242.0,8352048,0.6127035985449503,1272.3300048828125,1292.4040014648438,1266.371396766226,1287.1331715721792,33.77009181088759
2026-09-24,1219.199951171875,1241.5999755859375,1219.199951171875,1236.5999755859375,13923795,-2.3076962202023266,1269.1800048828125,1290.8560009765624,1261.8788781381927,1284.4691237133438,20.993206220352135
2026-09-25,1226.0,1227.4000244140625,1210.5,1210.5,13138735,0.5577468094211113,1266.1300048828125,1288.832001953125,1258.4618421250316,1282.1762169010558,25.65597667638484
